x_flip,y_flip,z_flip,x_mirr,y_mirr,z_mirr
833686,195853,222007,839935,222614,177749
833686,195853,242007,844633,221697,197447
833686,215853,202007,832953,242508,158898
833686,215853,222007,837203,241625,176563
833686,215853,242007,843697,240882,199622
833686,235853,202007,830908,261186,157449
833686,235853,222007,834352,260368,173776
833686,235853,242007,839456,260112,192857
833686,255853,182007,830366,278805,140527
833686,255853,202007,830307,278795,157812
833686,255853,222007,835159,280280,172432
833686,255853,242007,835588,280417,189866
833686,255853,262007,844059,279418,209012
833686,275853,182007,829478,296355,140666
833686,275853,202007,830253,295876,159857
833686,275853,222007,835831,298266,176298
833686,275853,242007,839452,298850,195200
833686,275853,262007,844944,298998,212699
833686,295853,202007,831137,314749,160474
833686,295853,222007,836748,317863,177613
833686,295853,242007,840518,318322,197631
813686,175853,222007,821816,202703,177256
813686,175853,242007,826748,200483,195191
813686,195853,182007,817065,221256,141027
813686,195853,202007,816439,222093,161661
813686,195853,222007,820285,220425,179667
813686,195853,242007,827643,218735,203474
813686,215853,182007,813263,240563,142967
813686,215853,202007,815514,239775,160583
813686,215853,222007,818377,239221,182341
813686,215853,242007,827254,238022,206137
813686,235853,182007,812693,258414,142320
813686,235853,202007,813843,258435,161794
813686,235853,222007,814279,257935,184537
813686,235853,242007,823579,258536,200053
813686,235853,262007,835969,258475,221775
813686,255853,182007,811889,276395,142806
813686,255853,202007,811716,276558,164213
813686,255853,222007,811097,276396,184095
813686,255853,242007,817078,277263,198836
813686,255853,262007,835696,280434,216422
813686,275853,162007,813860,295094,122450
813686,275853,182007,810727,293907,144965
813686,275853,202007,813507,296009,162123
813686,275853,222007,814432,295120,182240
813686,275853,242007,814745,293282,201155
813686,275853,262007,828726,298620,219200
813686,295853,182007,811830,311393,145733
813686,295853,202007,815609,314120,163101
813686,295853,222007,817917,315684,180230
813686,295853,242007,817044,313316,201237
813686,295853,262007,822826,315457,221341
813686,315853,182007,814926,332351,142212
813686,315853,202007,815067,332669,163019
813686,315853,222007,820084,335828,181847
813686,315853,242007,822263,336768,201495
813686,315853,262007,824297,335902,219034
813686,335853,202007,817726,353634,159742
813686,335853,222007,821708,355994,178238
813686,335853,242007,822223,355685,199040
793686,155853,222007,807401,178869,175750
793686,175853,182007,799227,201215,141512
793686,175853,202007,799721,202316,161016
793686,175853,222007,803530,199623,177812
793686,175853,242007,810408,195109,199653
793686,195853,162007,798162,218792,121659
793686,195853,182007,795750,219963,144395
793686,195853,202007,795068,220550,169003
793686,195853,222007,800289,219430,187051
793686,195853,242007,807829,217206,203351
793686,215853,162007,797043,237547,121497
793686,215853,182007,794595,238569,146602
793686,215853,202007,792923,239431,173465
793686,215853,222007,798453,238241,188967
793686,215853,242007,809105,237352,202898
793686,215853,262007,816566,236806,216592
793686,235853,162007,796045,255934,123176
793686,235853,182007,795571,256187,145535
793686,235853,202007,792389,257316,172559
793686,235853,222007,797641,256137,186982
793686,235853,242007,805854,257119,202834
793686,235853,262007,818435,257115,218981
793686,255853,162007,795574,275129,122211
793686,255853,182007,792948,273202,150645
793686,255853,202007,792455,273838,170813
793686,255853,222007,797015,275454,184388
793686,255853,242007,799042,276126,205356
793686,255853,262007,808187,277288,222323
793686,275853,162007,795694,293060,125034
793686,275853,182007,789545,290914,154820
793686,275853,202007,791305,290192,172608
793686,275853,222007,793898,292176,186164
793686,275853,242007,798642,293301,203558
793686,275853,262007,800979,293411,222019
793686,295853,162007,794293,311009,127671
793686,295853,182007,792996,310350,151485
793686,295853,202007,791123,308161,171057
793686,295853,222007,793703,309080,187460
793686,295853,242007,796435,310318,203314
793686,295853,262007,800759,313216,220032
793686,315853,162007,795929,331130,125097
793686,315853,182007,795356,329989,147394
793686,315853,202007,795583,329902,167150
793686,315853,222007,796465,329538,183928
793686,315853,242007,799987,332239,202903
793686,315853,262007,801860,332212,221672
793686,335853,182007,796970,350870,142733
793686,335853,202007,798420,352727,162014
793686,335853,222007,801997,354527,182267
793686,335853,242007,804068,355039,204294
793686,355853,222007,801869,376593,178787
773686,155853,182007,783750,178162,140629
773686,155853,202007,785215,178546,159897
773686,155853,222007,789617,177097,175710
773686,175853,182007,777961,198746,145226
773686,175853,202007,777927,199882,168248
773686,175853,222007,785161,196426,181348
773686,175853,242007,790739,193340,197377
773686,195853,162007,777974,216128,123765
773686,195853,182007,774281,219311,150986
773686,195853,202007,776395,218922,170373
773686,195853,222007,780425,217313,188062
773686,195853,242007,786928,214644,202292
773686,215853,162007,776589,235220,123825
773686,215853,182007,775715,236088,145104
773686,215853,202007,777461,236472,165244
773686,215853,222007,781270,236143,184064
773686,215853,242007,787746,235152,204568
773686,235853,142007,777648,254083,102139
773686,235853,162007,775772,254260,123835
773686,235853,182007,775477,253049,143397
773686,235853,202007,776735,253976,162048
773686,235853,222007,781624,254834,181249
773686,235853,242007,784456,254852,206141
773686,235853,262007,801552,255007,228010
773686,255853,142007,776128,272942,105484
773686,255853,162007,776363,272950,123786
773686,255853,182007,775391,272240,144840
773686,255853,202007,778447,273235,161344
773686,255853,222007,781042,274838,180346
773686,255853,242007,781458,273840,202550
773686,255853,262007,785923,274094,224114
773686,275853,142007,775323,291967,106315
773686,275853,162007,776178,291959,124938
773686,275853,182007,776955,292867,143412
773686,275853,202007,777588,292668,162316
773686,275853,222007,779192,293368,181458
773686,275853,242007,780314,292482,202063
773686,295853,142007,775847,310914,108742
773686,295853,162007,776566,311245,125660
773686,295853,182007,777821,313098,142118
773686,295853,202007,779302,312891,162057
773686,295853,222007,779950,312586,183179
773686,295853,242007,780232,311930,201703
773686,315853,162007,776434,330434,126748
773686,315853,182007,776216,329482,147726
773686,315853,202007,778639,331255,165723
773686,315853,222007,779631,331748,183539
773686,315853,242007,782882,333914,201380
773686,315853,262007,781560,330801,223212
773686,335853,162007,776674,351964,124433
773686,335853,182007,777081,349951,145980
773686,335853,202007,778423,350097,165951
773686,335853,222007,781982,354893,181745
773686,335853,242007,784377,356296,200621
773686,355853,202007,779436,372949,161844
773686,355853,222007,782404,376164,181374
773686,355853,242007,783207,375451,203383
753686,155853,182007,762181,174905,143503
753686,155853,202007,765852,174542,160128
753686,175853,162007,758897,193034,123206
753686,175853,182007,756924,192445,145299
753686,175853,202007,759493,193537,167131
753686,175853,222007,765618,191520,181106
753686,195853,162007,756625,212816,122766
753686,195853,182007,755153,213609,143975
753686,195853,202007,757162,213560,162608
753686,195853,222007,761283,212489,184117
753686,195853,242007,771089,208561,208793
753686,215853,142007,757618,232283,102632
753686,215853,162007,754860,232197,122844
753686,215853,182007,754721,231717,141176
753686,215853,202007,754076,232062,163391
753686,215853,242007,764504,233454,205118
753686,215853,262007,770994,232725,227680
753686,235853,142007,755897,251706,103774
753686,235853,162007,754483,251744,122644
753686,235853,182007,753394,251033,141872
753686,235853,202007,752745,251015,162698
753686,235853,242007,762606,252899,203206
753686,235853,262007,769101,252997,226316
753686,255853,142007,754966,271445,105225
753686,255853,162007,754156,271443,124070
753686,255853,182007,754046,271100,141111
753686,255853,202007,754220,270275,163904
753686,255853,242007,761391,272349,201720
753686,275853,142007,755192,292243,105625
753686,275853,162007,755087,291816,123765
753686,275853,182007,755627,291120,142362
753686,275853,202007,755346,289751,163966
753686,275853,242007,761327,290927,201039
753686,295853,142007,755668,311000,105995
753686,295853,162007,757583,312231,123709
753686,295853,182007,758950,313135,139502
753686,295853,202007,759506,312244,161837
753686,295853,222007,760950,312716,180789
753686,295853,242007,761358,310806,200708
753686,315853,142007,756386,330662,107165
753686,315853,162007,757077,331081,125675
753686,315853,182007,760361,334396,141346
753686,315853,202007,759778,331763,162067
753686,315853,222007,762118,333250,181005
753686,315853,242007,762896,332320,202252
753686,335853,162007,756977,351377,126453
753686,335853,182007,756972,350591,148449
753686,335853,202007,759860,352530,163702
753686,335853,222007,762678,354696,182161
753686,335853,242007,763410,354037,202367
753686,355853,182007,757629,370811,144766
753686,355853,202007,760119,373430,163871
753686,355853,222007,760846,373698,183266
753686,355853,242007,763013,373319,204530
733686,175853,162007,736202,188741,125063
733686,175853,182007,735675,188428,147694
733686,175853,202007,738895,188697,166598
733686,195853,162007,735250,208710,123921
733686,195853,182007,734903,209565,144291
733686,195853,202007,735580,210835,165334
733686,195853,222007,740643,210022,185285
733686,195853,242007,744611,210176,203333
733686,215853,142007,734444,229595,103549
733686,215853,162007,733923,229670,124197
733686,215853,182007,733012,229747,143729
733686,215853,202007,735902,229738,164149
733686,215853,222007,740221,229910,185021
733686,215853,242007,743436,230339,202361
733686,215853,262007,747183,231712,223790
733686,235853,142007,732965,249450,104540
733686,235853,162007,733818,249690,123652
733686,235853,182007,733605,249497,141999
733686,235853,202007,734550,248897,163557
733686,235853,222007,738479,249872,184523
733686,235853,242007,743348,250362,203970
733686,235853,262007,746688,251123,223212
733686,255853,142007,732872,269869,106808
733686,255853,162007,733594,270298,123732
733686,255853,182007,733809,269136,143900
733686,255853,202007,734631,269536,162665
733686,255853,222007,739988,269564,185268
733686,255853,242007,742674,269829,202546
733686,275853,122007,732621,290942,84774
733686,275853,142007,732770,290063,106640
733686,275853,162007,733399,290208,126256
733686,275853,182007,734230,289556,145212
733686,275853,202007,735926,287857,163950
733686,275853,242007,743520,289485,203710
733686,295853,142007,733444,310064,106041
733686,295853,162007,734127,310055,126447
733686,295853,182007,735564,309824,145574
733686,295853,242007,742734,309606,203380
733686,315853,142007,734965,331239,106870
733686,315853,162007,737819,334323,122514
733686,315853,182007,738730,333329,142021
733686,315853,202007,739330,331528,162944
733686,315853,222007,742128,332428,181976
733686,315853,242007,742852,330918,202748
733686,335853,142007,735415,353296,105686
733686,335853,162007,736318,353624,127495
733686,335853,182007,738573,354243,144266
733686,335853,202007,741129,354516,162829
733686,335853,222007,743660,355786,181734
733686,335853,242007,743482,351648,204274
733686,355853,162007,736268,374009,125244
733686,355853,182007,736360,372123,146918
733686,355853,202007,738595,372737,165522
733686,355853,222007,741634,373298,184664
713686,135853,162007,725559,149591,129107
713686,135853,182007,726994,149078,149260
713686,155853,162007,722069,168735,129206
713686,155853,182007,724092,168545,149774
713686,175853,202007,721704,188213,171394
713686,175853,222007,726220,186953,187617
713686,195853,122007,716251,211981,83812
713686,195853,142007,718065,208452,104080
713686,195853,182007,715880,208189,150489
713686,195853,202007,718176,208608,168307
713686,195853,222007,722742,208054,188198
713686,195853,242007,725949,209924,204503
713686,215853,122007,715740,230684,81699
713686,215853,142007,715507,228005,104223
713686,215853,182007,715617,227661,146690
713686,215853,202007,717217,227511,164363
713686,215853,222007,721929,228767,186835
713686,215853,242007,724529,229528,205459
713686,215853,262007,727994,230115,227351
713686,235853,122007,714824,250591,83134
713686,235853,142007,716105,248326,105914
713686,235853,162007,715883,248533,126547
713686,235853,182007,714888,247067,143450
713686,235853,202007,715446,247264,163198
713686,235853,222007,718879,247229,185233
713686,235853,242007,723206,248192,205185
713686,235853,262007,726967,249098,226672
713686,255853,142007,712422,269537,107761
713686,255853,162007,713760,269150,125625
713686,255853,182007,714690,267663,144589
713686,255853,202007,717183,267820,164125
713686,255853,222007,721303,268716,186221
713686,255853,242007,722852,267979,205266
713686,255853,262007,727077,268530,224473
713686,275853,142007,710472,287525,108746
713686,275853,162007,714214,289049,127801
713686,275853,182007,714894,288307,146316
713686,275853,202007,718106,288367,166559
713686,275853,222007,721388,287805,186195
713686,275853,242007,724374,287918,204472
713686,295853,142007,710436,309498,107267
713686,295853,162007,714316,309276,127657
713686,295853,182007,715987,309026,146911
713686,295853,202007,717769,308556,165658
713686,295853,222007,722140,309182,186001
713686,295853,242007,723589,307527,203768
713686,315853,142007,711408,331691,105460
713686,315853,162007,714506,331896,127199
713686,315853,182007,717105,332552,145847
713686,315853,222007,722273,331322,185195
713686,315853,242007,724083,329213,206492
713686,335853,162007,714639,354113,125409
713686,335853,182007,718373,357055,143684
713686,335853,202007,720479,353568,165620
713686,335853,222007,723670,352813,184517
713686,355853,182007,713976,374873,147700
713686,355853,202007,720211,374050,166419
713686,355853,222007,722128,376003,186375
693686,115853,142007,707119,128240,111643
693686,115853,162007,710043,126848,131643
693686,115853,182007,711166,126552,153046
693686,135853,142007,705839,147200,109654
693686,135853,162007,707137,145691,132100
693686,135853,182007,709044,146895,151644
693686,155853,162007,704556,166340,131977
693686,155853,182007,706635,167324,151775
693686,175853,122007,698733,192608,85375
693686,175853,162007,702329,186513,130191
693686,175853,182007,703691,186716,151825
693686,195853,102007,696456,210242,60374
693686,195853,122007,695606,211449,83195
693686,195853,142007,697308,208116,106102
693686,195853,162007,700357,205684,129256
693686,195853,202007,701008,205398,172130
693686,195853,222007,703767,205163,191984
693686,195853,242007,705290,204750,211952
693686,215853,102007,693625,230189,62364
693686,215853,122007,693695,228689,78675
693686,215853,142007,693943,225788,101616
693686,215853,162007,698959,225385,128295
693686,215853,182007,698704,226118,149190
693686,215853,202007,700875,226419,168923
693686,215853,222007,703253,227362,186815
693686,215853,242007,703828,227034,207240
693686,235853,102007,692737,251127,64745
693686,235853,122007,695123,246978,84818
693686,235853,142007,697436,245964,107893
693686,235853,162007,698720,245260,130263
693686,235853,182007,698279,245853,149938
693686,235853,202007,700948,247141,168030
693686,235853,222007,702159,246322,186486
693686,235853,242007,705740,247350,209305
693686,255853,102007,693464,271572,66664
693686,255853,142007,695720,264361,112161
693686,255853,182007,697686,266228,148447
693686,255853,202007,698979,265929,167282
693686,255853,222007,702341,266658,188336
693686,255853,242007,704967,267463,206664
693686,275853,162007,695309,286883,128226
693686,275853,182007,697179,287033,149201
693686,275853,202007,699382,286925,168794
693686,275853,222007,703157,287289,188210
693686,275853,242007,705448,286793,206759
693686,295853,162007,694095,309285,128696
693686,295853,182007,697500,310235,148049
693686,295853,202007,700502,309209,168708
693686,295853,222007,703180,308168,188092
693686,295853,242007,705260,306971,205728
693686,315853,162007,694148,331171,128281
693686,315853,182007,695595,333092,148097
693686,315853,202007,698920,332240,169097
693686,315853,222007,702273,329982,188568
693686,315853,242007,704526,328806,206430
693686,335853,182007,694902,353551,147200
693686,335853,222007,702327,354277,187900
673686,95853,142007,690711,106377,115048
673686,115853,122007,686470,128832,92492
673686,115853,142007,688121,127183,112450
673686,115853,162007,690150,125655,134117
673686,115853,182007,691743,126709,156344
673686,135853,122007,685814,147024,89561
673686,135853,142007,686703,145688,110252
673686,135853,162007,688927,143693,131854
673686,135853,182007,689411,146397,155848
673686,155853,102007,685479,171024,61580
673686,155853,122007,685233,170217,86226
673686,155853,142007,684788,165442,110939
673686,155853,162007,685697,165670,133150
673686,155853,182007,686431,165955,155376
673686,155853,202007,689482,166113,175733
673686,175853,102007,680613,189341,62843
673686,175853,122007,680098,189952,85556
673686,175853,142007,681146,186217,107175
673686,175853,162007,683946,185343,131968
673686,175853,182007,684628,185547,154707
673686,175853,202007,686952,184340,174639
673686,195853,82007,677526,206955,42247
673686,195853,102007,675499,208709,60640
673686,195853,122007,676223,209682,83009
673686,195853,142007,681811,205506,108237
673686,195853,162007,681962,204677,131635
673686,195853,182007,682321,204073,153542
673686,195853,202007,682795,203305,175770
673686,195853,222007,683049,201857,195611
673686,215853,82007,675739,228066,42733
673686,215853,102007,674214,228744,63766
673686,215853,122007,674878,227765,87151
673686,215853,142007,678093,223100,109682
673686,215853,162007,680262,223094,132842
673686,215853,222007,681766,224063,196147
673686,215853,242007,684534,224741,218567
673686,235853,82007,674342,249045,47725
673686,235853,102007,672622,249716,66843
673686,235853,122007,674313,245662,88806
673686,235853,142007,678235,243400,116845
673686,235853,162007,679446,242867,134198
673686,235853,202007,681704,245970,172576
673686,235853,222007,683929,245686,192869
673686,235853,242007,685113,246026,213370
673686,255853,82007,674819,271986,48996
673686,255853,102007,671841,271690,69918
673686,255853,122007,675008,267783,90326
673686,255853,142007,677332,262964,110894
673686,255853,162007,679100,262438,131498
673686,255853,202007,681977,264978,171945
673686,255853,222007,684411,266273,190453
673686,255853,242007,687273,267418,212982
673686,275853,102007,674079,292571,70655
673686,275853,122007,677440,289589,91267
673686,275853,182007,678794,285228,152149
673686,275853,202007,681360,285751,172304
673686,275853,222007,684908,285443,191780
673686,275853,242007,690600,289576,217057
673686,295853,162007,675701,307486,130116
673686,295853,182007,677905,309407,149844
673686,295853,202007,680324,309791,171704
673686,295853,222007,684700,307933,191913
673686,295853,242007,686711,307371,211182
673686,315853,182007,675516,332631,148169
673686,315853,202007,678106,331575,171004
673686,315853,222007,681909,329259,189786
653686,95853,122007,668639,108089,101085
653686,95853,142007,671566,104447,119625
653686,95853,162007,673385,103569,140524
653686,115853,102007,665576,127545,71544
653686,115853,122007,666157,128751,94168
653686,115853,142007,669330,124948,117132
653686,115853,162007,672122,123306,137589
653686,115853,182007,672659,126814,158323
653686,135853,102007,666115,149460,74360
653686,135853,122007,665424,148316,91678
653686,135853,142007,667837,144575,115059
653686,135853,162007,668867,143927,136915
653686,135853,182007,669699,144114,158224
653686,155853,102007,663749,169396,68320
653686,155853,122007,663976,168534,88229
653686,155853,142007,667434,164617,112605
653686,155853,162007,666946,162932,136222
653686,155853,182007,669456,162942,156101
653686,155853,202007,669879,163617,180031
653686,175853,102007,659046,187508,66022
653686,175853,122007,660930,186877,89491
653686,175853,142007,664374,183686,113025
653686,175853,162007,666205,181792,136294
653686,175853,182007,667027,182702,156030
653686,175853,202007,668343,182069,176498
653686,195853,82007,655737,205913,45778
653686,195853,102007,655653,208755,65724
653686,195853,122007,657327,204725,89358
653686,195853,142007,661668,204146,114915
653686,195853,162007,664488,203151,135053
653686,195853,182007,665604,204226,154951
653686,195853,202007,665390,201554,176604
653686,215853,82007,654416,226761,48209
653686,215853,102007,654556,228419,67504
653686,215853,122007,658151,226763,92014
653686,215853,142007,659160,223090,114309
653686,215853,162007,661898,221890,135366
653686,215853,182007,664192,225102,155123
653686,215853,202007,664157,223577,175760
653686,235853,82007,653236,248764,51045
653686,235853,102007,653072,247564,71315
653686,235853,122007,656338,245485,91828
653686,235853,142007,659686,242158,114799
653686,235853,162007,659870,240700,134497
653686,235853,182007,660546,243408,155233
653686,235853,202007,662581,243127,178720
653686,255853,82007,651461,271377,49194
653686,255853,102007,654537,269662,71589
653686,255853,122007,655713,266115,92861
653686,255853,142007,658674,262715,114146
653686,255853,162007,661086,261003,135316
653686,255853,202007,662475,263373,176101
653686,255853,222007,663728,264893,197743
653686,275853,102007,653763,291609,71219
653686,275853,122007,656124,287516,92270
653686,275853,142007,659556,285096,113621
653686,275853,162007,662363,283889,134494
653686,275853,202007,662883,285378,176781
653686,275853,222007,664945,285874,197942
653686,295853,182007,657316,308229,152890
653686,295853,202007,660925,308039,174605
653686,295853,222007,663474,307446,194803
633686,95853,102007,647179,106723,82642
633686,95853,122007,647041,106006,102224
633686,95853,142007,650436,104720,122383
633686,95853,162007,652801,102832,143726
633686,115853,102007,644452,126630,76816
633686,115853,122007,644146,125239,98420
633686,115853,142007,648498,125257,121626
633686,115853,162007,653226,124140,143206
633686,115853,182007,652329,124671,164119
633686,135853,82007,641846,145529,52972
633686,135853,102007,643771,145105,77373
633686,135853,122007,646353,143327,97382
633686,135853,142007,649803,143671,118865
633686,135853,162007,652295,143629,139832
633686,135853,182007,651648,145127,160159
633686,135853,202007,655621,141258,187748
633686,155853,82007,640009,165474,52129
633686,155853,102007,641555,166058,73751
633686,155853,122007,644426,165693,96639
633686,155853,142007,647388,162812,117308
633686,155853,162007,648451,161910,140999
633686,155853,182007,650290,161165,160104
633686,155853,202007,648950,158621,182830
633686,175853,82007,636247,184401,53453
633686,175853,102007,637634,185321,73025
633686,175853,122007,641823,184517,94629
633686,175853,142007,645927,182388,115956
633686,175853,162007,647937,181795,138370
633686,175853,182007,647604,181313,157881
633686,175853,202007,646785,178321,183092
633686,195853,102007,635535,205316,72835
633686,195853,122007,640523,205895,93948
633686,195853,142007,644272,199939,118869
633686,195853,162007,645898,200839,139109
633686,195853,182007,645779,203782,158915
633686,195853,202007,648177,201240,181084
633686,215853,82007,632266,224277,54177
633686,215853,102007,634278,226187,73290
633686,215853,122007,636820,223645,96598
633686,215853,142007,641519,220982,119137
633686,215853,162007,643657,219390,138184
633686,215853,182007,644769,221313,162031
633686,215853,202007,646654,220378,180920
633686,235853,82007,633498,245921,55809
633686,235853,102007,631599,246207,76379
633686,235853,122007,636242,245003,97982
633686,235853,142007,640301,240392,120409
633686,235853,162007,643185,239610,139294
633686,235853,182007,645390,242875,158249
633686,235853,202007,645807,241450,180802
633686,255853,102007,632575,267361,79505
633686,255853,122007,635159,264755,98112
633686,255853,142007,637853,261228,115565
633686,255853,162007,642362,257919,139175
633686,255853,182007,642378,259991,161271
633686,275853,82007,632472,289482,59202
633686,275853,102007,632665,289546,79575
633686,275853,122007,633342,286942,100724
633686,275853,142007,638245,283410,117988
633686,275853,162007,641348,281598,137219
633686,275853,182007,643441,283475,158600
633686,295853,102007,632641,312245,78347
633686,295853,122007,633217,306743,102889
633686,295853,142007,638473,306911,121743
613686,95853,102007,626111,104693,87061
613686,95853,122007,627915,104347,106302
613686,95853,142007,630708,102276,125440
613686,95853,162007,633673,103333,145054
613686,115853,82007,621636,125224,59774
613686,115853,102007,624298,126014,80526
613686,115853,122007,625138,124055,104080
613686,115853,142007,630769,122122,124021
613686,115853,162007,634067,123519,144530
613686,115853,182007,633420,123884,164709
613686,135853,82007,620536,143650,58672
613686,135853,102007,623967,146553,78712
613686,135853,122007,624915,143300,103457
613686,135853,142007,629161,143860,121867
613686,135853,162007,630879,142576,143449
613686,135853,182007,632299,142579,162657
613686,135853,202007,632835,139396,185542
613686,155853,62007,616818,162543,39487
613686,155853,82007,619566,163007,58350
613686,155853,102007,621415,164427,77865
613686,155853,122007,624673,163135,103157
613686,155853,142007,627136,161935,120496
613686,155853,162007,631982,161187,141449
613686,155853,182007,629114,160768,164167
613686,155853,202007,628497,156075,181905
613686,175853,62007,613244,180714,43011
613686,175853,82007,616617,182414,60827
613686,175853,102007,618716,183029,78559
613686,175853,122007,622052,183135,100310
613686,175853,142007,626670,180374,120792
613686,175853,162007,628381,178140,142726
613686,175853,182007,629108,179751,163267
613686,175853,202007,629147,177118,183795
613686,195853,82007,610774,201024,61784
613686,195853,102007,614502,203227,80276
613686,195853,122007,619919,205573,98285
613686,195853,142007,624250,199474,121933
613686,195853,162007,626845,198608,144199
613686,195853,182007,627701,198218,163738
613686,195853,202007,629542,196808,184937
613686,215853,42007,616948,225580,21406
613686,215853,62007,617196,217173,42535
613686,215853,82007,612920,219783,63638
613686,215853,102007,612953,223375,81637
613686,215853,122007,617423,222225,102623
613686,215853,142007,620433,220469,123055
613686,215853,162007,624139,220270,143309
613686,215853,182007,624755,219519,162939
613686,215853,202007,629003,218164,186427
613686,235853,22007,617362,243671,5413
613686,235853,42007,618665,247270,21073
613686,235853,62007,620302,244679,42257
613686,235853,82007,614470,240312,66289
613686,235853,102007,613713,241962,84058
613686,235853,122007,618052,242297,102902
613686,235853,142007,621168,240742,121708
613686,235853,162007,623390,240297,143834
613686,235853,182007,622881,239738,166153
613686,235853,202007,626191,239996,185691
613686,255853,42007,619439,268103,26760
613686,255853,62007,618766,268277,47029
613686,255853,102007,614393,264003,85404
613686,255853,122007,617014,261880,103105
613686,255853,142007,618603,260075,122507
613686,255853,162007,621854,257459,144021
613686,255853,182007,623551,258887,165833
613686,255853,202007,626658,257916,186668
613686,275853,82007,612695,288330,64990
613686,275853,102007,613615,285944,85772
613686,275853,122007,617099,283260,106091
613686,275853,142007,620371,281890,125489
613686,275853,162007,624706,280214,145553
613686,275853,182007,626339,280001,161104
613686,275853,202007,628410,281727,184840
613686,295853,102007,612400,306157,88429
613686,295853,122007,614762,303499,108268
613686,295853,142007,621386,304909,126715
613686,295853,162007,625457,301246,145856
613686,295853,182007,625670,303332,164065
593686,95853,82007,605082,102503,70149
593686,95853,102007,605204,103787,92602
593686,95853,122007,609109,101819,111037
593686,95853,142007,612745,101152,126936
593686,115853,62007,599699,120771,49825
593686,115853,82007,598462,120654,64288
593686,115853,102007,604132,122514,85546
593686,115853,122007,605694,122392,108191
593686,115853,142007,612244,121292,126363
593686,115853,162007,614320,121197,148510
593686,135853,62007,599510,139459,46075
593686,135853,82007,598937,140151,65589
593686,135853,102007,602580,142420,84208
593686,135853,122007,605223,142884,107775
593686,135853,142007,608973,142122,127014
593686,135853,162007,614185,141210,144578
593686,135853,182007,612551,141095,168647
593686,135853,202007,611508,137503,191545
593686,155853,42007,597049,160956,30602
593686,155853,62007,597328,159050,47979
593686,155853,82007,597770,161124,64499
593686,155853,102007,599343,161308,82806
593686,155853,122007,603754,161660,107983
593686,155853,142007,607168,163071,125089
593686,155853,162007,610021,161142,145842
593686,155853,182007,610896,159701,165824
593686,155853,202007,612158,157809,190240
593686,175853,42007,595184,182610,26986
593686,175853,62007,593481,181159,48499
593686,175853,82007,595011,182082,66794
593686,175853,102007,599732,182138,83416
593686,175853,122007,600307,180950,106211
593686,175853,142007,605547,181794,126587
593686,175853,162007,610220,179980,146824
593686,175853,182007,611446,180042,167470
593686,195853,42007,594436,207080,26538
593686,195853,62007,594022,199682,47891
593686,195853,82007,594501,199598,63934
593686,195853,102007,594641,200840,83827
593686,195853,122007,598763,202007,105406
593686,195853,142007,602941,201306,125796
593686,195853,162007,608248,200244,148521
593686,195853,182007,609439,200716,166397
593686,195853,202007,610661,198572,186684
593686,215853,22007,595662,223306,4821
593686,215853,42007,595828,226321,24117
593686,215853,62007,594595,221222,44193
593686,215853,82007,595061,220725,62715
593686,215853,102007,595400,219363,83637
593686,215853,122007,598172,219973,106803
593686,215853,142007,601380,218805,127051
593686,215853,162007,605984,217540,148001
593686,215853,182007,606651,218758,169052
593686,215853,202007,610128,216748,188521
593686,235853,22007,597143,242737,4276
593686,235853,42007,599399,246719,23984
593686,235853,62007,601580,243500,46669
593686,235853,82007,597908,240285,64893
593686,235853,102007,595758,241446,86128
593686,235853,122007,598625,240553,108125
593686,235853,142007,602300,235928,128041
593686,235853,162007,603188,236221,149541
593686,235853,182007,606199,238523,168532
593686,235853,202007,608324,237661,190973
593686,255853,42007,599948,266692,26510
593686,255853,62007,600747,266156,47007
593686,255853,82007,600118,265542,67973
593686,255853,102007,598345,260663,86705
593686,255853,122007,601709,260226,109921
593686,255853,142007,603067,259254,127859
593686,255853,162007,604926,259343,150370
593686,255853,182007,605330,258186,168646
593686,255853,202007,608267,256979,189986
593686,275853,62007,598247,286542,48412
593686,275853,82007,596933,286700,70654
593686,275853,102007,599545,283120,91810
593686,275853,122007,599400,280481,110751
593686,275853,142007,603206,281341,128768
593686,275853,162007,605426,279447,148915
593686,275853,182007,606938,278823,168721
593686,275853,202007,608655,281194,188463
593686,295853,102007,595257,304160,92628
593686,295853,122007,599356,301043,112508
593686,295853,142007,600614,300609,128434
593686,295853,162007,607588,301593,148940
593686,295853,182007,607030,302086,169190
593686,295853,202007,608351,302678,191421
593686,315853,82007,591843,324190,73594
593686,315853,102007,593019,323630,93478
593686,315853,122007,598530,322594,112622
593686,315853,142007,604300,323346,132111
593686,315853,162007,606112,322030,151785
593686,315853,182007,606803,321563,170554
593686,315853,202007,607488,323926,192811
593686,335853,82007,593037,342676,71221
593686,335853,102007,593452,341350,92024
593686,335853,122007,596778,342572,110949
593686,335853,142007,600052,338753,130270
593686,335853,162007,604156,340404,151285
593686,335853,182007,605633,341690,171612
573686,95853,82007,585576,99266,77069
573686,95853,102007,586451,100722,94412
573686,95853,122007,588134,100315,113102
573686,95853,142007,591655,99254,131320
573686,115853,62007,581159,117675,54307
573686,115853,82007,581061,117365,69386
573686,115853,102007,582087,120176,89099
573686,115853,122007,585893,120662,110326
573686,115853,142007,589061,120616,130960
573686,135853,42007,577296,137904,31826
573686,135853,62007,578985,138235,49846
573686,135853,82007,580821,138478,70077
573686,135853,102007,582533,140141,92424
573686,135853,122007,583654,140032,110532
573686,135853,142007,590293,139886,129184
573686,135853,162007,591527,141672,151658
573686,155853,42007,573451,159250,31526
573686,155853,62007,576380,159297,52356
573686,155853,82007,578645,160155,70989
573686,155853,102007,578184,161494,95118
573686,155853,122007,581747,160944,111767
573686,155853,142007,588805,160618,131640
573686,155853,162007,591632,160234,151295
573686,155853,182007,591812,159474,170632
573686,175853,42007,573797,179167,32668
573686,175853,62007,573656,181965,52249
573686,175853,82007,577435,181585,73155
573686,175853,102007,575386,182085,91892
573686,175853,122007,578565,178577,111491
573686,175853,142007,586387,179065,129807
573686,175853,162007,590547,178892,153519
573686,175853,182007,591293,179557,171170
573686,195853,42007,574308,204462,31132
573686,195853,62007,573503,201943,48875
573686,195853,82007,574835,198603,68733
573686,195853,102007,575133,200352,88799
573686,195853,122007,579647,199447,109745
573686,195853,142007,584016,198138,131354
573686,195853,162007,589399,199327,152998
573686,195853,182007,590023,200467,172504
573686,195853,202007,591046,194723,192858
573686,215853,22007,575394,222536,7628
573686,215853,42007,575841,225749,26249
573686,215853,62007,575969,221390,44989
573686,215853,82007,575287,220594,68127
573686,215853,102007,576500,218178,91584
573686,215853,122007,579121,217635,109715
573686,215853,142007,583807,217280,130360
573686,215853,162007,587991,218650,152654
573686,215853,182007,588448,218394,171212
573686,215853,202007,590939,216704,192204
573686,235853,22007,576882,239887,9294
573686,235853,42007,583085,244086,27082
573686,235853,62007,581910,242260,48250
573686,235853,82007,578646,240840,66169
573686,235853,102007,578142,239066,88793
573686,235853,122007,580937,238950,110980
573686,235853,142007,583427,237070,131471
573686,235853,162007,584640,237162,151872
573686,235853,182007,585965,238929,169982
573686,235853,202007,589601,236861,191250
573686,255853,22007,577872,263159,8974
573686,255853,42007,582129,264878,25546
573686,255853,62007,579970,264161,47196
573686,255853,82007,580869,262501,70625
573686,255853,102007,580194,259415,88891
573686,255853,122007,582147,259158,111603
573686,255853,142007,584590,258485,133472
573686,255853,162007,586295,257379,153692
573686,255853,182007,589016,257198,171473
573686,255853,202007,589075,256487,192873
573686,275853,62007,580041,284829,51565
573686,275853,82007,579763,282837,72730
573686,275853,102007,580088,280259,91405
573686,275853,122007,583270,278786,113961
573686,275853,142007,584920,279454,133631
573686,275853,162007,585913,280473,154232
573686,275853,182007,588570,277676,174232
573686,275853,202007,591154,279408,193129
573686,295853,62007,575642,304839,54748
573686,295853,82007,576625,304319,74292
573686,295853,102007,577654,302564,93111
573686,295853,122007,582117,300199,116603
573686,295853,142007,583649,301715,133617
573686,295853,162007,585207,300657,153645
573686,295853,182007,587859,300951,171805
573686,295853,202007,587970,301728,193640
573686,315853,62007,572858,322303,55825
573686,315853,82007,573848,322551,74192
573686,315853,102007,574218,321086,94967
573686,315853,122007,578656,319497,115105
573686,315853,142007,581596,317620,134826
573686,315853,162007,585122,318041,152728
573686,315853,182007,588638,321388,173477
573686,315853,202007,589033,321717,196495
573686,335853,62007,572492,340180,53688
573686,335853,82007,573547,342033,73027
573686,335853,102007,571576,340982,95304
573686,335853,122007,571456,339897,115488
573686,335853,142007,579607,338907,133107
573686,335853,162007,582552,337595,153143
573686,335853,182007,586140,337356,174554
573686,355853,142007,578145,360958,133501
573686,355853,162007,580376,358841,154275
553686,95853,82007,564234,97920,76658
553686,95853,102007,565137,97949,96321
553686,95853,122007,568849,98669,115315
553686,115853,62007,557857,116957,52681
553686,115853,82007,558938,116449,72464
553686,115853,102007,559539,120646,92113
553686,115853,122007,566135,118691,114652
553686,115853,142007,570256,119949,134816
553686,135853,42007,554135,136649,33884
553686,135853,62007,553878,136703,54594
553686,135853,82007,558400,137873,73923
553686,135853,102007,559606,138520,97459
553686,135853,122007,565111,138748,113836
553686,135853,142007,570137,139392,134887
553686,155853,42007,552502,158725,35817
553686,155853,62007,554455,158031,55256
553686,155853,82007,556761,157225,74181
553686,155853,102007,558438,157940,95325
553686,155853,122007,562271,157509,115137
553686,155853,142007,568670,158542,134074
553686,175853,42007,553043,178784,36155
553686,175853,62007,553708,180044,58319
553686,175853,82007,554830,177925,77528
553686,175853,102007,554343,178332,95155
553686,175853,122007,558990,177206,115223
553686,175853,142007,566371,176721,135381
553686,175853,162007,570524,177314,152914
553686,175853,182007,572442,176738,173504
553686,195853,62007,553014,199859,57080
553686,195853,82007,552983,199433,76634
553686,195853,102007,555261,197530,92041
553686,195853,122007,559814,197815,114746
553686,195853,142007,565606,196743,133362
553686,195853,162007,567973,197982,153495
553686,195853,182007,571316,197989,173977
553686,215853,42007,556419,222909,32136
553686,215853,62007,558790,221971,50460
553686,215853,82007,556849,221858,71484
553686,215853,102007,556231,217047,93589
553686,215853,122007,560916,216403,113739
553686,215853,142007,564445,217250,134043
553686,215853,162007,567317,217814,153593
553686,215853,182007,568915,217528,173126
553686,215853,202007,571796,215995,194524
553686,235853,22007,557506,240673,10980
553686,235853,42007,560096,241630,29972
553686,235853,62007,561224,240136,46602
553686,235853,82007,560521,239347,68885
553686,235853,102007,558514,237720,89521
553686,235853,122007,563977,237793,112332
553686,235853,142007,566113,237596,134244
553686,235853,162007,569138,236967,154415
553686,235853,182007,568592,236832,171537
553686,255853,42007,560671,261832,27876
553686,255853,62007,562499,261103,47512
553686,255853,82007,562676,258994,69382
553686,255853,102007,562099,259527,91626
553686,255853,122007,565112,258953,115559
553686,255853,142007,566719,259553,134406
553686,255853,162007,568470,257744,156065
553686,255853,182007,570779,258139,175700
553686,275853,62007,561064,282528,54089
553686,275853,82007,562341,280336,75329
553686,275853,102007,562001,279512,95107
553686,275853,122007,564292,279036,117428
553686,275853,142007,565149,278484,137276
553686,275853,162007,568329,278102,156774
553686,275853,182007,570579,278074,173964
553686,275853,202007,571740,278574,194194
553686,295853,62007,557410,301804,56903
553686,295853,82007,558196,300860,76409
553686,295853,102007,559954,300241,94208
553686,295853,122007,561357,297633,117201
553686,295853,142007,565110,298014,137823
553686,295853,162007,567409,298590,155737
553686,295853,182007,567837,298857,173060
553686,295853,202007,569080,302529,195071
553686,315853,62007,552387,320520,56139
553686,315853,82007,554136,320022,74830
553686,315853,102007,557272,318395,96311
553686,315853,122007,560072,316568,117597
553686,315853,142007,563387,315205,137174
553686,315853,162007,565581,319358,156549
553686,315853,182007,568105,319074,174552
553686,315853,202007,569819,322402,198680
553686,335853,62007,553295,339223,55114
553686,335853,82007,552014,338401,74837
553686,335853,102007,552331,337261,96377
553686,335853,122007,557259,335833,117358
553686,335853,142007,561930,337520,135659
553686,335853,162007,563597,342481,158397
553686,335853,182007,566996,340312,176644
553686,355853,122007,554580,357093,117335
553686,355853,142007,558748,355418,138785
553686,355853,162007,561632,356351,160090
553686,355853,182007,564649,357638,177716
533686,115853,82007,536478,115425,77344
533686,115853,102007,539943,115442,98793
533686,115853,122007,546720,116646,118952
533686,135853,62007,531026,134420,59694
533686,135853,82007,536137,136787,76764
533686,135853,102007,539493,135973,99378
533686,135853,122007,543455,136619,118490
533686,135853,142007,549191,137644,138623
533686,155853,42007,528142,156877,38182
533686,155853,62007,534465,154672,59052
533686,155853,82007,536788,156643,78596
533686,155853,102007,537272,157731,99029
533686,155853,122007,541546,155816,117617
533686,155853,142007,548613,155495,138551
533686,155853,162007,551429,156285,157152
533686,175853,62007,534996,176563,59890
533686,175853,82007,534339,175357,78006
533686,175853,102007,534604,176444,98064
533686,175853,122007,541176,175709,119325
533686,175853,162007,551154,175963,155656
533686,175853,182007,553276,176113,174990
533686,195853,82007,532358,195405,80641
533686,195853,102007,534115,195816,98321
533686,195853,122007,538993,196789,118171
533686,195853,142007,546692,195452,137949
533686,195853,162007,550639,195218,156757
533686,195853,182007,551620,196567,176023
533686,215853,42007,539820,218891,36579
533686,215853,62007,542349,222646,54053
533686,215853,102007,537908,217077,97015
533686,215853,122007,540623,217712,116670
533686,215853,162007,548546,215374,157665
533686,215853,182007,549842,216197,175187
533686,235853,42007,541908,238818,35288
533686,235853,62007,542339,240593,53471
533686,235853,122007,544328,236497,117356
533686,235853,162007,548947,235758,156985
533686,255853,82007,545886,259387,73632
533686,255853,102007,544449,257321,95899
533686,255853,122007,547706,257225,118106
533686,255853,142007,548876,257791,137183
533686,275853,82007,544606,277288,76995
533686,275853,142007,546080,275792,140402
533686,275853,162007,548066,274605,159050
533686,295853,82007,539515,296983,77550
533686,295853,102007,539841,296507,97862
533686,295853,122007,542400,296853,119069
533686,295853,142007,544727,295170,138367
533686,295853,162007,546402,295254,158607
533686,295853,182007,549240,295419,176939
533686,295853,202007,548450,297762,191044
533686,315853,62007,532911,316701,57873
533686,315853,82007,534437,315622,77601
533686,315853,102007,536356,314350,97381
533686,315853,122007,539285,314189,117978
533686,315853,142007,543458,314635,139869
533686,315853,162007,543796,318070,159494
533686,315853,182007,548806,319479,176035
533686,315853,202007,550182,316675,197707
533686,315853,222007,548514,318976,214267
533686,335853,82007,530448,334745,76673
533686,335853,102007,532401,335102,97928
533686,335853,122007,535117,331261,119287
533686,335853,142007,541977,336389,139692
533686,335853,162007,543403,337281,158604
533686,335853,182007,546514,338783,178288
533686,355853,122007,532152,358107,120279
533686,355853,142007,539522,355714,142292
513686,115853,62007,515435,114136,61729
513686,115853,82007,516667,114771,83139
513686,115853,102007,520793,114862,102728
513686,135853,42007,509543,135842,45734
513686,135853,62007,512694,134278,63220
513686,135853,82007,516569,133195,83331
513686,135853,102007,518469,133292,101974
513686,135853,122007,524388,133975,121798
513686,155853,42007,508523,151889,44985
513686,155853,62007,514262,154263,62505
513686,155853,82007,516473,153402,82858
513686,155853,102007,518727,153354,102673
513686,155853,122007,522452,154257,121765
513686,155853,142007,528358,153850,142347
513686,175853,42007,510687,171168,44069
513686,175853,62007,515882,172781,62479
513686,175853,82007,513688,174213,84570
513686,175853,102007,515910,173293,103042
513686,175853,122007,522283,173699,121747
513686,175853,142007,526229,174998,141455
513686,175853,162007,530978,174545,161885
513686,195853,62007,513472,190686,59869
513686,195853,102007,514442,193468,103511
513686,195853,122007,518373,192618,123319
513686,195853,142007,525283,194116,142086
513686,195853,162007,529001,194044,161966
513686,215853,102007,518617,213609,103693
513686,215853,122007,521223,212373,123506
513686,215853,162007,528611,214530,161996
513686,295853,82007,520617,293726,82737
513686,295853,102007,520596,294486,102530
513686,295853,122007,521525,294273,122717
513686,295853,142007,523601,294237,142084
513686,295853,162007,526193,293844,162735
513686,295853,182007,527614,295104,180702
513686,315853,62007,515497,314350,63052
513686,315853,82007,514504,313481,83541
513686,315853,102007,515950,315633,104615
513686,315853,122007,519927,314358,122312
513686,315853,142007,521272,314901,141480
513686,315853,162007,524149,313077,162653
513686,315853,182007,527129,314449,181546
513686,315853,202007,530361,314783,201915
513686,335853,62007,511208,332259,64669
513686,335853,82007,510424,335368,85989
513686,335853,102007,511729,334507,103639
513686,335853,122007,516525,335734,122353
513686,335853,142007,521338,332621,141718
513686,335853,162007,523644,333052,162073
513686,335853,182007,524796,333708,182606
513686,355853,102007,510125,353449,103046
513686,355853,122007,512480,352711,121153
513686,355853,142007,518904,354035,140191
493686,95853,82007,503355,94746,85744
493686,95853,102007,506123,93625,104540
493686,115853,62007,496053,112782,68849
493686,115853,82007,498597,112128,88532
493686,115853,102007,503469,111118,106100
493686,115853,122007,507958,112287,123653
493686,135853,42007,493142,132827,47192
493686,135853,62007,495317,133051,68272
493686,135853,82007,497619,130711,87156
493686,135853,102007,499303,131155,104857
493686,135853,122007,505494,131877,125667
493686,135853,142007,509836,131847,144414
493686,155853,22007,491967,151675,29951
493686,155853,42007,492777,151772,46797
493686,155853,62007,495035,151343,66670
493686,155853,82007,497383,151869,86499
493686,155853,102007,498966,151670,106777
493686,155853,122007,503607,150881,125523
493686,155853,142007,509138,152886,144710
493686,155853,162007,512217,152048,165614
493686,175853,22007,492599,169060,30951
493686,175853,42007,493282,169916,45891
493686,175853,62007,495015,170438,64907
493686,175853,82007,494524,171207,82568
493686,175853,102007,495406,171425,106496
493686,175853,122007,501846,172618,125153
493686,175853,142007,507970,173655,145834
493686,175853,162007,512040,173297,167532
493686,195853,42007,492666,187957,46554
493686,195853,62007,492802,190241,62711
493686,195853,82007,492518,190750,85424
493686,195853,102007,495331,191925,108379
493686,195853,122007,501683,191706,127291
493686,195853,142007,507667,193332,146165
493686,195853,162007,510875,193412,164972
493686,195853,182007,511974,192843,186793
493686,215853,42007,495077,203892,49634
493686,215853,62007,496603,206279,69728
493686,215853,82007,498976,210553,90916
493686,215853,102007,498758,213127,109164
493686,215853,122007,502119,212177,126605
493686,215853,142007,506169,213261,144498
493686,215853,162007,508377,213639,165612
493686,215853,182007,510831,213145,188273
493686,235853,22007,498976,227917,30722
493686,235853,42007,504127,226822,52175
493686,235853,62007,503084,229539,72293
493686,235853,102007,502327,232683,107898
493686,235853,122007,505034,232543,126493
493686,235853,142007,506529,233834,146305
493686,235853,162007,509109,232201,165565
493686,255853,22007,499694,246925,32829
493686,255853,42007,503468,246627,54440
493686,255853,62007,505680,249191,72963
493686,255853,82007,504010,250294,91656
493686,255853,102007,504428,251106,108150
493686,255853,122007,506754,251340,124723
493686,255853,142007,508268,251711,146692
493686,255853,162007,509181,251362,163463
493686,275853,22007,496386,267843,31358
493686,275853,42007,499175,267931,51748
493686,275853,62007,503098,270366,68603
493686,275853,82007,505715,270709,86482
493686,275853,102007,505136,272457,105271
493686,275853,122007,503936,273793,122182
493686,275853,142007,505886,272841,143740
493686,275853,162007,507844,274278,163542
493686,295853,62007,498276,288113,65119
493686,295853,82007,499945,289962,85335
493686,295853,102007,500225,292548,106732
493686,295853,122007,502525,291896,124937
493686,295853,142007,505073,294821,144675
493686,295853,162007,508092,294520,164082
493686,295853,182007,509819,292799,186863
493686,295853,202007,507884,291033,208106
493686,315853,42007,493366,309641,49598
493686,315853,62007,493662,307534,66904
493686,315853,82007,495878,310223,86580
493686,315853,102007,498238,311295,105488
493686,315853,122007,500560,313462,125012
493686,315853,142007,503362,313398,141665
493686,315853,162007,506180,309991,165719
493686,315853,182007,507914,310491,187192
493686,315853,202007,509058,310533,206125
493686,315853,222007,507010,308500,230464
493686,335853,62007,492718,329211,67709
493686,335853,82007,493181,331220,86318
493686,335853,102007,493955,331039,104596
493686,335853,122007,497785,335185,122344
493686,335853,142007,501812,331496,144443
493686,335853,162007,504402,331944,163074
493686,335853,182007,508290,330794,184007
493686,355853,122007,495765,352441,123957
493686,355853,142007,499041,353956,141755
493686,355853,162007,503061,351985,162146
473686,95853,82007,485508,90872,86145
473686,95853,102007,486871,90282,106424
473686,95853,122007,489605,89640,127628
473686,115853,62007,481754,113561,67911
473686,115853,82007,479513,111278,91644
473686,115853,102007,483245,109816,108749
473686,115853,122007,487628,109480,128243
473686,115853,142007,491198,109552,148579
473686,135853,42007,477182,130366,48840
473686,135853,62007,478789,130030,69581
473686,135853,82007,480696,129149,88029
473686,135853,102007,482539,129962,109133
473686,135853,122007,487935,129637,129887
473686,135853,142007,491623,128492,146243
473686,155853,22007,474690,149388,27757
473686,155853,42007,475420,151400,48111
473686,155853,62007,477030,150242,70494
473686,155853,82007,479069,150559,89503
473686,155853,102007,480351,150191,108710
473686,155853,122007,485408,150021,128959
473686,155853,142007,490542,150484,148504
473686,155853,162007,493820,150449,167945
473686,175853,22007,475014,169473,29275
473686,175853,42007,473654,169332,50067
473686,175853,62007,474614,168495,69150
473686,175853,82007,475092,168779,90092
473686,175853,102007,475500,168776,107089
473686,175853,122007,482846,170636,128300
473686,175853,142007,488433,171837,148999
473686,175853,162007,491340,171531,168291
473686,195853,42007,473563,188398,49916
473686,195853,62007,474692,189537,73396
473686,195853,82007,475550,190316,91259
473686,195853,102007,475255,190296,110603
473686,195853,122007,481976,191173,130119
473686,195853,142007,488113,191982,149794
473686,195853,162007,489576,191674,169008
473686,195853,182007,491925,192581,187111
473686,215853,22007,476703,202639,31825
473686,215853,42007,474755,206483,59648
473686,215853,62007,474396,208508,76141
473686,215853,82007,473603,210950,91651
473686,215853,102007,478247,212317,112149
473686,215853,122007,482327,211387,131052
473686,215853,142007,485732,211507,148280
473686,215853,162007,487827,209123,167653
473686,215853,182007,489611,212107,187672
473686,235853,22007,478369,225180,35480
473686,235853,42007,479330,225724,52288
473686,235853,62007,478216,228838,74580
473686,235853,82007,476383,230450,94394
473686,235853,102007,478361,230351,111673
473686,235853,122007,483569,231745,129561
473686,235853,142007,485677,234156,149405
473686,235853,162007,488121,232383,169665
473686,235853,182007,489169,232016,189818
473686,255853,22007,481143,245500,33613
473686,255853,42007,481709,246589,55728
473686,255853,62007,481610,248877,74288
473686,255853,82007,477656,248858,93815
473686,255853,102007,482527,251575,112247
473686,255853,122007,484698,249918,128544
473686,255853,142007,486905,251552,148056
473686,255853,162007,489929,252775,166531
473686,255853,182007,491026,252532,188196
473686,275853,22007,478850,264576,35460
473686,275853,42007,482229,265898,54531
473686,275853,62007,481490,265723,71690
473686,275853,82007,481392,267305,91705
473686,275853,102007,481921,269554,108520
473686,275853,122007,485852,270254,127581
473686,275853,142007,486829,271090,147519
473686,275853,162007,487876,271293,166526
473686,275853,182007,490966,272036,186287
473686,295853,62007,478533,283808,67532
473686,295853,82007,480449,284650,88044
473686,295853,102007,479150,287973,108557
473686,295853,122007,483024,290231,125868
473686,295853,142007,485631,289641,147498
473686,295853,162007,487589,290160,167650
473686,295853,182007,488861,291395,189587
473686,295853,202007,488762,288899,207310
473686,315853,62007,474305,306809,66495
473686,315853,82007,474051,306894,87814
473686,315853,102007,475626,307553,105157
473686,315853,122007,480177,310330,125846
473686,315853,142007,482487,309170,143574
473686,315853,162007,486131,310545,168267
473686,315853,182007,487510,308278,186307
473686,315853,202007,490000,306627,201738
473686,335853,62007,472219,326707,67029
473686,335853,82007,472840,328447,87951
473686,335853,102007,472423,329164,106532
473686,335853,122007,476488,329541,127640
473686,335853,142007,479944,330213,147620
473686,335853,162007,482979,331251,166464
473686,335853,182007,488155,330663,185489
473686,355853,82007,473457,346529,90818
473686,355853,102007,470573,348274,109442
473686,355853,122007,474397,349766,129493
473686,355853,142007,478839,349270,146476
473686,355853,162007,481530,350703,164234
473686,355853,182007,484961,349650,184384
453686,95853,82007,464564,91119,86317
453686,95853,102007,468205,87640,106884
453686,95853,122007,471264,88382,130921
453686,115853,62007,461761,111008,72191
453686,115853,82007,464020,107557,92649
453686,115853,102007,465820,107043,112578
453686,115853,122007,469051,106855,130159
453686,115853,142007,471311,108790,149350
453686,135853,42007,458648,130009,53879
453686,135853,62007,459961,130058,73043
453686,135853,82007,461305,127600,93168
453686,135853,102007,462572,127036,112696
453686,135853,122007,467817,127459,132714
453686,135853,142007,471550,126945,151719
453686,155853,42007,455765,149891,51289
453686,155853,62007,458448,149771,75058
453686,155853,82007,460841,147191,96033
453686,155853,102007,460927,148229,113296
453686,155853,122007,465041,145561,130716
453686,155853,142007,470088,148692,151118
453686,175853,22007,456052,168195,35504
453686,175853,42007,454368,168725,50982
453686,175853,62007,455231,167822,74415
453686,175853,82007,458397,166816,96799
453686,175853,102007,458866,166871,114591
453686,175853,122007,464885,170844,132807
453686,175853,142007,470507,170121,151411
453686,175853,162007,470515,170271,171104
453686,175853,182007,472541,169955,190121
453686,195853,42007,454034,188579,53420
453686,195853,62007,454205,188975,76013
453686,195853,82007,455486,187790,98225
453686,195853,102007,456257,188270,114445
453686,195853,122007,463251,189046,133701
453686,195853,142007,467371,189355,151307
453686,195853,162007,470030,189555,167672
453686,195853,182007,471739,191875,191399
453686,215853,22007,455329,204159,36629
453686,215853,42007,452404,206612,55264
453686,215853,62007,454915,208770,78859
453686,215853,82007,453932,210193,97628
453686,215853,102007,456549,206630,115041
453686,215853,122007,460700,211084,134992
453686,215853,142007,465212,212106,152383
453686,215853,162007,468734,209477,169307
453686,215853,182007,470810,212163,191598
453686,215853,202007,472119,212472,210769
453686,235853,22007,457422,221972,36841
453686,235853,42007,460664,223850,53679
453686,235853,62007,458317,230033,78873
453686,235853,82007,456347,228953,96520
453686,235853,102007,458236,229849,113813
453686,235853,122007,461686,231257,132839
453686,235853,142007,465467,232266,151270
453686,235853,162007,465364,231700,169981
453686,235853,182007,467486,230762,190491
453686,255853,22007,460829,243386,35495
453686,255853,42007,461214,244674,55058
453686,255853,62007,459947,245528,75678
453686,255853,82007,457602,246777,95447
453686,255853,102007,459661,249421,113974
453686,255853,122007,462916,249784,131787
453686,255853,142007,464889,250795,149694
453686,255853,162007,465360,249345,170403
453686,255853,182007,467932,252488,190233
453686,255853,202007,470044,252542,209144
453686,275853,22007,459330,262691,35728
453686,275853,42007,460283,262393,55162
453686,275853,62007,459664,262730,73995
453686,275853,82007,462144,265351,94214
453686,275853,102007,460542,268739,112089
453686,275853,122007,462820,269408,129749
453686,275853,142007,466790,269528,149209
453686,275853,162007,467170,270371,169207
453686,275853,182007,469997,272178,190158
453686,295853,102007,458695,286751,109068
453686,295853,122007,460924,288048,131314
453686,295853,142007,464050,289480,151472
453686,295853,162007,465317,288978,169873
453686,295853,182007,467719,289515,189846
453686,295853,202007,468856,287630,210621
453686,315853,82007,451691,304001,87218
453686,315853,102007,456673,307788,107967
453686,315853,122007,462450,309862,129399
453686,315853,142007,464788,308965,148447
453686,315853,162007,466820,309716,169490
453686,315853,182007,467372,306009,189654
453686,315853,202007,468241,307699,207046
453686,335853,62007,452655,325544,69658
453686,335853,82007,452765,326165,89192
453686,335853,102007,454215,327093,109270
453686,335853,122007,458682,327811,129229
453686,335853,142007,463695,328956,149328
453686,335853,162007,465463,329573,169257
453686,335853,182007,465834,330583,187354
453686,355853,102007,453877,347394,111533
453686,355853,122007,456419,345513,131402
453686,355853,142007,459035,348660,149757
453686,355853,162007,461327,350988,169442
433686,95853,102007,448355,86308,110494
433686,95853,122007,452171,86310,133670
433686,115853,82007,444297,105355,96529
433686,115853,102007,446577,105902,112610
433686,115853,122007,449560,107443,136545
433686,115853,142007,453801,109842,155380
433686,135853,62007,441129,125564,82728
433686,135853,82007,441937,124935,101185
433686,135853,102007,444910,124903,117604
433686,135853,122007,448864,126512,135070
433686,135853,142007,453042,128739,156225
433686,135853,162007,453876,126759,173728
433686,135853,182007,453071,131184,190483
433686,155853,42007,437373,148262,62730
433686,155853,62007,438744,146626,80363
433686,155853,82007,441791,144054,102006
433686,155853,102007,444044,145155,117564
433686,155853,122007,447258,146155,136482
433686,155853,142007,450026,148313,157237
433686,155853,162007,451600,146796,176373
433686,155853,182007,451723,150658,193437
433686,155853,202007,452951,150498,213573
433686,175853,42007,435454,167218,60141
433686,175853,62007,436955,167043,79167
433686,175853,82007,439594,167281,102392
433686,175853,102007,442392,166222,117691
433686,175853,122007,446477,166751,136898
433686,175853,142007,450397,169420,155691
433686,175853,162007,451097,169134,175436
433686,175853,182007,451623,169402,194871
433686,195853,62007,433194,187970,80845
433686,195853,82007,436229,186029,103210
433686,195853,102007,439580,186195,121231
433686,195853,122007,443613,186822,139426
433686,195853,142007,447240,187575,155119
433686,195853,162007,450046,188143,174673
433686,195853,182007,449911,190299,196654
433686,215853,22007,435814,206279,37825
433686,215853,42007,437785,214123,59648
433686,215853,62007,431641,209673,78414
433686,215853,82007,433778,204732,100867
433686,215853,102007,437188,204134,121407
433686,215853,122007,439217,208887,138523
433686,215853,142007,444687,210887,156776
433686,215853,162007,445900,211230,175086
433686,215853,182007,449923,210550,193124
433686,235853,22007,438441,223894,38394
433686,235853,42007,438342,226330,57183
433686,235853,62007,435277,229529,77617
433686,235853,82007,432953,226901,100500
433686,235853,102007,438011,228088,118791
433686,235853,122007,439397,230151,138440
433686,235853,142007,443499,231340,155845
433686,235853,162007,444294,230854,174259
433686,235853,182007,446787,231978,193159
433686,255853,22007,439653,242929,37874
433686,255853,42007,441336,242604,59100
433686,255853,62007,436532,244833,76777
433686,255853,82007,432888,246458,96666
433686,255853,102007,437539,248140,117187
433686,255853,122007,441516,250015,137413
433686,255853,142007,444370,250309,154773
433686,255853,162007,443833,249609,177471
433686,255853,182007,446446,251536,194190
433686,255853,202007,449221,252356,212006
433686,275853,22007,439171,263820,36475
433686,275853,42007,438515,261751,55554
433686,275853,102007,436465,266826,116397
433686,275853,122007,439854,268299,134535
433686,275853,142007,444597,268956,155378
433686,275853,162007,445990,270467,175389
433686,275853,182007,446988,269331,196261
433686,275853,202007,448512,269644,213101
433686,295853,62007,431368,280706,77496
433686,295853,82007,433815,282627,93353
433686,295853,102007,437729,286227,109590
433686,295853,122007,439527,286967,135384
433686,295853,142007,445053,288535,153884
433686,295853,162007,446217,288320,175258
433686,295853,182007,447741,286532,193761
433686,315853,102007,435144,305870,112473
433686,315853,122007,440001,304825,134948
433686,315853,142007,446566,306727,152653
433686,315853,162007,446987,307437,172146
433686,315853,182007,447928,306449,192033
433686,335853,122007,439517,326695,133063
433686,335853,142007,443655,327447,152032
433686,335853,162007,445594,326470,172507
413686,95853,102007,428376,84301,115720
413686,95853,122007,431287,85863,135658
413686,95853,142007,432666,86778,155600
413686,115853,82007,425679,103969,98101
413686,115853,102007,426007,104390,118754
413686,115853,122007,429945,106920,138403
413686,115853,142007,433417,105904,156679
413686,135853,62007,422424,123598,83854
413686,135853,82007,423264,122599,102174
413686,135853,102007,425685,125577,121586
413686,135853,122007,430578,125104,140769
413686,135853,142007,432989,126160,160003
413686,135853,162007,432815,126889,178374
413686,135853,182007,432785,130420,195950
413686,155853,62007,421539,143292,85589
413686,155853,82007,422489,141883,105319
413686,155853,102007,425405,145092,123405
413686,155853,122007,429205,146203,143493
413686,155853,142007,431379,146763,159983
413686,155853,162007,429636,146796,179626
413686,155853,182007,428567,152838,200256
413686,175853,62007,419141,166171,86894
413686,175853,82007,421741,165713,106972
413686,175853,102007,424098,165429,123511
413686,175853,122007,427583,169830,142582
413686,175853,142007,428674,171398,159013
413686,175853,162007,430229,167938,178594
413686,175853,182007,429102,173018,200200
413686,195853,82007,418561,183186,107778
413686,195853,102007,419630,186716,127269
413686,195853,122007,426455,190399,143771
413686,195853,142007,427675,189303,162179
413686,195853,162007,428424,188806,180143
413686,195853,182007,429460,190848,199870
413686,215853,62007,413077,203687,87251
413686,215853,82007,417274,202514,108879
413686,215853,102007,418595,205462,123969
413686,215853,122007,422140,208532,143644
413686,215853,142007,424594,209776,160623
413686,215853,162007,423659,208704,179210
413686,215853,182007,428180,210393,198073
413686,235853,62007,411821,224890,87560
413686,235853,82007,413805,222973,106745
413686,235853,102007,416446,225028,123229
413686,235853,122007,421541,227513,141982
413686,235853,142007,423349,228509,161333
413686,235853,162007,425689,227939,180454
413686,235853,182007,425954,229561,198655
413686,255853,42007,420021,242729,60742
413686,255853,62007,412448,240819,85011
413686,255853,82007,411708,242015,104751
413686,255853,102007,418952,245996,122204
413686,255853,122007,417863,249379,143537
413686,255853,142007,422075,250940,160918
413686,255853,162007,423032,249021,179126
413686,255853,182007,425983,249117,197368
413686,275853,82007,412514,260822,101296
413686,275853,102007,413322,264053,123546
413686,275853,122007,418818,266490,143613
413686,275853,142007,421646,269750,160149
413686,275853,162007,424341,268832,179071
413686,275853,182007,427225,268102,198401
413686,295853,62007,412296,279979,81368
413686,295853,82007,412552,279688,101561
413686,295853,102007,412382,282007,120505
413686,295853,122007,417416,284864,139068
413686,295853,142007,421773,286023,160626
413686,295853,162007,424923,287661,181238
413686,315853,82007,412606,296552,102555
413686,315853,102007,414768,302455,119375
413686,315853,122007,419253,301380,139114
393686,95853,102007,409254,83621,118831
393686,95853,122007,411727,85510,139336
393686,95853,142007,412685,87588,158494
393686,115853,82007,406503,102762,103401
393686,115853,102007,407147,102365,121758
393686,115853,122007,410030,103782,140116
393686,115853,142007,412664,104116,158897
393686,135853,82007,403986,122317,108112
393686,135853,102007,405670,123417,124595
393686,135853,122007,409977,124086,142638
393686,135853,142007,412552,125069,160663
393686,135853,162007,411808,124384,179926
393686,135853,182007,414774,128244,194414
393686,155853,62007,403374,143562,89346
393686,155853,82007,403353,141544,108063
393686,155853,102007,405682,144732,126617
393686,155853,122007,410008,145864,145836
393686,155853,142007,409604,145905,162959
393686,155853,162007,410387,145378,180501
393686,155853,182007,410579,149722,199972
393686,175853,62007,400323,163477,94343
393686,175853,82007,401673,161345,112618
393686,175853,102007,403972,164414,127819
393686,175853,122007,406971,167939,146535
393686,175853,142007,407168,166802,163590
393686,175853,162007,408635,167235,184192
393686,175853,182007,407020,170870,200791
393686,195853,62007,397214,181618,95606
393686,195853,82007,398977,181642,114226
393686,195853,102007,402704,185122,129389
393686,195853,122007,403980,188662,145670
393686,195853,142007,405812,186463,164869
393686,195853,162007,405291,187595,184305
393686,195853,182007,406078,189178,202337
393686,215853,42007,394946,203479,73130
393686,215853,62007,394689,201447,94728
393686,215853,82007,395817,202566,112962
393686,215853,102007,398776,204644,129117
393686,215853,122007,401254,206345,148148
393686,215853,142007,403293,208027,164547
393686,215853,162007,405696,205663,185096
393686,215853,182007,407181,208179,202522
393686,235853,42007,394732,222180,73191
393686,235853,62007,393548,221011,93708
393686,235853,82007,395176,222062,110810
393686,235853,102007,397308,225550,126529
393686,235853,122007,399783,229216,146745
393686,235853,142007,401396,228610,166231
393686,235853,162007,402573,226803,183529
393686,235853,182007,404826,226962,202802
393686,255853,42007,394078,240614,69891
393686,255853,62007,392339,241759,90603
393686,255853,82007,394419,241633,109666
393686,255853,102007,397439,245506,126933
393686,255853,122007,399037,247536,147127
393686,255853,142007,401948,250783,164996
393686,255853,162007,400998,247128,185580
393686,275853,42007,392534,257678,71921
393686,275853,62007,392682,258986,90811
393686,275853,82007,394761,260852,109261
393686,275853,102007,396370,264834,128273
393686,275853,122007,400281,267540,148003
393686,275853,142007,401897,268190,167726
393686,275853,182007,402846,266475,203514
393686,295853,82007,394438,281722,107987
393686,295853,102007,394743,282564,127025
393686,295853,122007,399312,284700,147758
393686,295853,162007,399439,283576,186084
393686,295853,182007,402517,284516,202901
393686,295853,202007,404753,284044,223201
393686,315853,142007,394986,301963,170303
393686,315853,162007,395719,300255,187387
393686,315853,182007,399902,299885,204434
373686,115853,102007,388352,101390,122969
373686,115853,122007,390969,103935,145234
373686,115853,142007,392039,103583,162810
373686,135853,82007,386643,120706,111566
373686,135853,102007,386153,123108,127372
373686,135853,122007,388719,124852,146380
373686,135853,142007,389049,125073,164554
373686,135853,162007,391523,123513,182090
373686,155853,62007,386465,141005,94698
373686,155853,82007,384734,140066,112809
373686,155853,102007,385881,142051,130639
373686,155853,122007,388430,144449,148290
373686,155853,142007,386838,145340,166431
373686,155853,162007,389005,144529,184567
373686,155853,182007,391310,145395,203092
373686,175853,62007,382894,160120,100240
373686,175853,82007,383187,158744,116708
373686,175853,102007,384708,163237,132519
373686,175853,122007,387438,164264,150053
373686,175853,142007,386903,164692,165490
373686,175853,162007,389362,165837,185961
373686,175853,182007,389126,165804,204547
373686,195853,62007,378925,180816,100440
373686,195853,82007,378896,181035,116067
373686,195853,102007,380428,183301,132255
373686,195853,122007,382862,184698,149670
373686,195853,142007,385107,184726,166900
373686,195853,162007,386265,185299,186865
373686,195853,182007,385870,186281,204644
373686,215853,42007,376166,201657,78956
373686,215853,62007,374766,200294,100631
373686,215853,82007,375184,199430,118529
373686,215853,102007,378511,203434,132410
373686,215853,122007,380747,206070,149947
373686,215853,142007,383161,206098,166200
373686,215853,162007,382307,205444,188878
373686,235853,42007,375245,221570,76467
373686,235853,62007,374057,218921,97538
373686,235853,82007,374077,220788,116038
373686,235853,102007,376426,224588,131338
373686,235853,122007,378372,229242,145642
373686,235853,142007,379596,227097,167062
373686,235853,182007,381427,225413,205877
373686,235853,202007,382271,225561,223125
373686,255853,42007,374775,239231,72237
373686,255853,62007,373275,239092,94635
373686,255853,82007,374605,240375,112558
373686,255853,102007,375917,245132,128342
373686,255853,122007,377539,246601,149929
373686,255853,182007,381773,245126,207009
373686,255853,202007,384572,244565,223723
373686,275853,42007,375048,257461,73916
373686,275853,62007,373465,256944,92859
373686,275853,82007,374430,259281,111234
373686,275853,102007,377788,263380,129131
373686,275853,162007,379488,265025,188881
373686,275853,182007,382606,265044,208192
373686,275853,202007,385828,263130,224938
373686,295853,62007,374039,274185,93947
373686,295853,82007,375589,278864,111972
373686,295853,142007,376955,283347,171411
373686,295853,162007,378793,282289,189367
373686,295853,182007,382355,283091,208159
373686,295853,202007,386371,282342,226254
373686,315853,142007,375318,299645,172044
373686,315853,162007,377532,299079,190488
373686,315853,182007,381406,299895,209523
373686,315853,202007,384764,301346,227361
373686,335853,142007,373752,316473,172605
373686,335853,162007,375092,317786,192685
373686,335853,182007,379070,318836,210021
353686,115853,102007,369136,101880,127220
353686,115853,122007,370410,102384,146400
353686,135853,82007,367267,120922,111959
353686,135853,102007,366584,120846,130400
353686,135853,122007,368083,122824,150950
353686,135853,142007,369357,124039,168918
353686,135853,162007,370575,122718,185612
353686,155853,82007,366954,139079,115006
353686,155853,102007,366223,142341,132575
353686,155853,122007,366252,142424,152459
353686,155853,142007,367436,144003,167158
353686,155853,162007,367767,142822,186363
353686,175853,122007,364374,162747,151986
353686,175853,142007,364102,164483,169763
353686,175853,162007,366855,163266,186941
353686,195853,82007,358709,176114,116592
353686,195853,102007,358665,180458,135748
353686,195853,122007,361406,184472,154137
353686,195853,142007,363655,183262,171185
353686,195853,162007,362462,185195,189433
353686,195853,182007,362809,187353,208339
353686,195853,202007,364670,187298,224593
353686,215853,62007,355100,198641,100445
353686,215853,82007,355265,198419,119260
353686,215853,102007,355407,201471,136972
353686,215853,122007,360327,205015,152768
353686,215853,162007,359297,205305,190452
353686,215853,182007,361306,204868,209713
353686,215853,202007,363686,204669,227113
353686,215853,222007,366582,204743,241917
353686,235853,62007,353072,218475,100226
353686,235853,82007,353617,220939,120567
353686,235853,102007,354678,225107,137380
353686,235853,122007,356544,224389,153357
353686,235853,142007,359592,224643,171956
353686,235853,162007,359195,224358,192542
353686,235853,182007,362168,223053,209566
353686,235853,202007,363328,222948,231117
353686,235853,222007,366597,222650,248910
353686,255853,62007,351366,238370,96088
353686,255853,82007,353534,241385,116522
353686,255853,102007,356253,244498,133480
353686,255853,122007,357134,244412,149438
353686,255853,162007,359495,244103,193840
353686,255853,182007,362527,243726,211902
353686,255853,202007,364760,242710,231389
353686,255853,222007,368270,241898,249033
353686,275853,62007,354557,257150,93364
353686,275853,82007,353480,259241,113739
353686,275853,122007,354214,264873,152579
353686,275853,142007,356234,263456,173771
353686,275853,162007,358130,264799,193981
353686,275853,182007,361023,264075,213131
353686,275853,202007,365923,262449,231262
353686,275853,222007,370452,260947,241375
353686,295853,122007,353835,281677,153387
353686,295853,142007,355732,281455,173443
353686,295853,162007,357994,282285,192770
353686,295853,182007,361878,281935,211011
353686,295853,202007,366289,281815,232511
353686,295853,222007,370744,280790,249751
353686,315853,122007,352957,299091,153275
353686,315853,142007,355876,298652,174542
353686,315853,162007,358431,298651,192508
353686,315853,182007,361633,299605,211484
353686,315853,202007,365315,301864,232701
353686,335853,142007,353753,316049,174192
353686,335853,162007,357004,316925,193336
353686,335853,182007,361515,318566,212000
353686,335853,202007,364728,320538,233667
353686,355853,142007,353063,334878,174559
353686,355853,162007,356616,335679,193322
353686,355853,182007,359475,334431,211701
333686,135853,122007,347949,122101,150970
333686,135853,142007,349509,122471,168890
333686,135853,162007,351588,122728,188507
333686,155853,122007,345753,141209,151723
333686,155853,142007,346391,141427,170125
333686,155853,162007,347968,141436,190239
333686,175853,142007,343649,161435,171376
333686,195853,162007,339967,180899,190723
333686,195853,182007,343911,182983,209930
333686,195853,202007,346098,184662,230008
333686,215853,82007,336188,197699,120356
333686,215853,102007,336247,199825,137398
333686,215853,122007,338495,202024,154944
333686,215853,142007,336625,201133,172605
333686,215853,162007,337407,201433,195561
333686,215853,182007,340907,202286,215219
333686,215853,202007,343007,202553,235015
333686,215853,222007,346486,202132,253789
333686,235853,82007,334608,219000,120275
333686,235853,102007,336858,220827,138311
333686,235853,122007,337829,221815,154927
333686,235853,142007,335954,222118,175855
333686,235853,162007,336546,222837,195730
333686,235853,182007,340775,221156,218517
333686,235853,202007,342834,221094,237108
333686,235853,222007,347757,221112,248933
333686,255853,122007,335992,240307,154146
333686,255853,142007,334109,242321,178820
333686,255853,162007,335909,241751,197781
333686,255853,182007,339949,242599,215356
333686,255853,202007,343092,242005,235044
333686,255853,222007,348341,240304,247562
333686,275853,122007,332322,260113,154584
333686,275853,142007,334488,262530,177015
333686,275853,162007,335882,262006,198293
333686,275853,182007,340784,261779,214727
333686,275853,202007,344332,262135,235164
333686,275853,222007,347140,261544,255231
333686,295853,102007,329107,280698,135716
333686,295853,122007,332813,279774,153783
333686,295853,142007,334160,280647,174186
333686,295853,162007,337662,282093,196391
333686,295853,182007,340561,281389,214707
333686,295853,202007,344959,281783,236494
333686,315853,102007,329920,299554,136257
333686,315853,122007,332645,298952,154796
333686,315853,142007,335313,298487,174392
333686,315853,162007,338035,299480,196085
333686,315853,182007,341797,299835,214575
333686,315853,202007,344455,300789,235703
333686,335853,102007,331664,317451,137173
333686,335853,122007,332568,316290,155203
333686,335853,142007,336440,316225,175763
333686,335853,162007,338195,318063,195217
333686,335853,182007,341478,317907,215116
333686,335853,202007,344200,319670,235263
333686,355853,122007,333239,334583,157061
333686,355853,142007,336367,333656,177465
333686,355853,162007,338830,335024,195560
333686,355853,182007,341865,334576,215698
333686,375853,142007,333226,354512,174653
333686,375853,162007,337836,354147,194033
333686,375853,182007,341264,353429,213796
313686,155853,142007,325034,139914,173085
313686,195853,122007,315161,180805,157032
313686,195853,142007,314514,180248,176255
313686,195853,162007,315073,179549,193974
313686,195853,182007,321581,179837,217590
313686,195853,202007,326785,180715,238716
313686,195853,222007,330257,180559,255935
313686,215853,122007,315730,200497,157697
313686,215853,142007,312711,199944,176723
313686,215853,162007,315390,200139,197310
313686,215853,182007,321835,200302,215093
313686,215853,202007,324244,199549,236507
313686,215853,222007,329052,197867,257358
313686,235853,102007,313489,219841,139157
313686,235853,122007,314184,219318,158749
313686,235853,142007,312712,220599,178111
313686,235853,162007,314792,220825,199036
313686,235853,182007,318630,221207,216820
313686,235853,202007,323132,220302,237557
313686,235853,222007,327538,218526,255872
313686,255853,102007,312198,239256,137632
313686,255853,122007,313018,240025,158367
313686,255853,142007,313611,239464,180732
313686,255853,162007,313918,240994,200558
313686,255853,182007,318469,240107,216520
313686,255853,202007,322330,240006,239234
313686,255853,222007,327167,240374,256235
313686,275853,102007,311811,259557,136337
313686,275853,122007,313368,259143,158154
313686,275853,142007,313211,259776,178592
313686,275853,162007,315323,259836,198675
313686,275853,182007,318647,259811,217803
313686,275853,202007,322553,260856,237952
313686,275853,222007,326456,259970,257158
313686,295853,102007,312043,278497,137328
313686,295853,122007,313506,278530,156472
313686,295853,142007,315192,280030,176047
313686,295853,162007,316974,280968,197577
313686,295853,202007,323579,281303,239085
313686,315853,102007,313363,299074,137152
313686,315853,122007,314705,298455,155552
313686,315853,142007,315785,297977,177310
313686,315853,162007,316492,301698,197719
313686,315853,202007,323126,300553,237872
313686,335853,102007,314051,317630,135132
313686,335853,122007,316693,315265,159202
313686,335853,142007,318305,315961,178959
313686,335853,162007,319319,318076,197302
313686,335853,202007,323365,318695,237767
313686,355853,122007,314714,335603,155808
313686,355853,142007,319816,333174,179727
313686,355853,162007,319848,334720,198034
313686,355853,182007,322425,334442,218425
313686,375853,142007,315496,357108,175661
313686,375853,162007,318549,356075,195644
313686,375853,182007,321533,354714,217174
293686,175853,142007,300018,158252,177418
293686,175853,162007,302960,160928,199337
293686,175853,182007,312593,166554,223147
293686,175853,202007,312216,164193,238812
293686,195853,122007,298362,178631,160033
293686,195853,142007,296062,177193,177782
293686,195853,162007,298142,177683,198075
293686,195853,182007,302088,179349,219037
293686,195853,222007,313520,180532,254165
293686,215853,122007,296091,198046,159456
293686,215853,142007,295336,196095,179629
293686,215853,162007,295919,196898,199458
293686,215853,202007,304683,199518,236771
293686,215853,222007,308882,199027,254490
293686,235853,102007,296246,217844,139837
293686,235853,122007,295056,217799,159310
293686,235853,142007,293792,217967,181101
293686,235853,162007,293521,217255,199192
293686,235853,202007,303622,217881,238756
293686,235853,222007,308477,217181,256765
293686,255853,102007,295046,238070,137949
293686,255853,122007,294161,237481,158472
293686,255853,142007,293038,238487,179902
293686,255853,162007,295131,238998,199349
293686,255853,202007,302527,237788,238850
293686,255853,222007,307245,237952,257288
293686,275853,102007,294330,257769,136982
293686,275853,122007,293490,258458,158552
293686,275853,142007,293922,258847,180381
293686,275853,162007,294004,259051,198503
293686,275853,202007,302381,258180,238966
293686,275853,222007,305935,258346,257270
293686,295853,102007,294406,277274,136721
293686,295853,122007,294231,278174,157871
293686,295853,142007,295498,279215,178506
293686,295853,162007,295726,280338,197920
293686,295853,202007,302035,278856,240385
293686,315853,102007,295210,298557,135372
293686,315853,122007,296478,296698,159765
293686,315853,142007,298217,297209,181424
293686,315853,162007,298723,298306,199545
293686,315853,202007,301623,298602,239626
293686,335853,102007,296253,318273,135749
293686,335853,122007,296931,317761,157389
293686,335853,142007,299987,313932,183571
293686,335853,162007,299792,315789,201052
293686,335853,182007,302797,315616,222044
293686,335853,202007,301841,318534,239641
293686,355853,122007,296740,336480,157267
293686,355853,142007,296191,338267,173102
293686,355853,162007,300215,336132,198562
293686,355853,182007,302393,334957,219830
293686,355853,202007,302819,336501,238909
293686,375853,142007,296899,357820,177016
293686,375853,162007,298745,356017,197855
293686,375853,182007,300934,356859,216641
293686,375853,202007,303224,356251,237370
293686,395853,182007,301962,372248,216609
273686,175853,142007,282192,152273,178413
273686,175853,162007,284977,154925,201615
273686,175853,182007,291440,164157,226166
273686,175853,202007,295117,165808,243967
273686,195853,142007,278660,172934,178310
273686,195853,162007,278132,171543,194633
273686,195853,182007,283454,175660,218181
273686,195853,202007,292939,184858,240047
273686,215853,162007,273156,189691,189362
273686,215853,182007,279745,193506,215120
273686,215853,202007,284811,195961,235120
273686,215853,222007,291215,197334,257754
273686,235853,122007,276480,215088,158453
273686,235853,142007,275299,213483,177140
273686,235853,162007,276681,214051,197447
273686,235853,182007,281073,215243,218620
273686,235853,202007,283951,215831,234772
273686,235853,222007,289883,215879,255826
273686,255853,102007,277170,236121,138181
273686,255853,122007,275366,235972,158627
273686,255853,142007,274586,236325,178829
273686,255853,162007,275817,236370,199993
273686,255853,182007,279864,235503,220217
273686,255853,202007,283334,235354,238196
273686,255853,222007,288250,235338,257151
273686,275853,102007,276638,257141,137714
273686,275853,122007,275312,256312,159161
273686,275853,142007,275846,258305,179789
273686,275853,162007,278082,256409,200161
273686,275853,182007,280213,256334,221806
273686,275853,202007,280877,257182,238988
273686,275853,222007,284000,256242,257920
273686,295853,102007,275567,277229,135033
273686,295853,122007,275394,277141,156769
273686,295853,142007,276719,276708,180318
273686,295853,162007,277771,276934,200916
273686,295853,182007,280421,276804,222508
273686,295853,202007,280580,278413,240245
273686,315853,122007,276881,299352,155947
273686,315853,142007,280738,294832,184712
273686,315853,162007,279265,296836,201878
273686,315853,182007,280484,297121,221627
273686,315853,202007,281166,298203,240514
273686,335853,122007,277022,318733,156354
273686,335853,142007,276729,320102,172529
273686,335853,162007,278999,316718,198669
273686,335853,182007,281985,315849,219789
273686,335853,202007,282348,316462,240039
273686,335853,222007,282899,318368,259854
273686,355853,142007,276930,338898,176375
273686,355853,162007,277615,339068,197130
273686,355853,182007,283221,334050,220102
273686,355853,202007,282876,336332,239628
273686,375853,162007,279704,357391,198723
273686,375853,182007,282080,354520,218822
273686,375853,202007,283039,354433,237982
253686,175853,182007,271389,155178,227227
253686,175853,202007,274659,161665,243273
253686,195853,142007,259722,169045,179580
253686,195853,162007,261005,168617,201112
253686,195853,182007,265179,170833,221216
253686,195853,202007,271848,176054,245156
253686,215853,142007,255928,189174,176580
253686,215853,162007,256178,189884,195742
253686,215853,182007,256394,188145,210578
253686,215853,202007,267514,193272,240070
253686,215853,222007,274219,197777,254861
253686,235853,122007,257031,211403,159469
253686,235853,142007,253693,210106,175341
253686,235853,162007,253006,209175,191704
253686,235853,182007,256043,210498,210759
253686,235853,202007,265790,212951,236814
253686,235853,222007,276854,216391,257337
253686,255853,122007,256105,233961,159970
253686,255853,142007,255449,234013,177220
253686,255853,162007,251982,231976,189326
253686,255853,182007,257296,232612,215386
253686,255853,202007,263430,233254,237520
253686,255853,222007,275564,235267,261088
253686,275853,122007,255136,254272,159110
253686,275853,142007,254792,255493,176395
253686,275853,162007,249439,255951,187164
253686,275853,182007,256627,255128,218012
253686,275853,202007,260397,254508,239166
253686,275853,222007,264857,255049,256532
253686,295853,122007,255867,275951,156701
253686,295853,142007,253096,276864,172789
253686,295853,162007,248967,279712,186792
253686,295853,182007,250967,279230,211750
253686,295853,202007,257348,276377,237582
253686,295853,222007,260395,276162,258660
253686,315853,122007,255543,298299,155469
253686,315853,142007,253345,299944,171999
253686,315853,162007,253329,299528,190351
253686,315853,182007,253291,301453,212934
253686,315853,202007,257204,298497,238750
253686,315853,222007,260000,298511,260138
253686,335853,142007,255151,318650,175625
253686,335853,162007,255615,319907,194979
253686,335853,182007,258346,318859,218425
253686,335853,202007,261195,315925,240092
253686,335853,222007,262009,317073,262815
253686,355853,142007,257020,337371,178986
253686,355853,162007,257180,338106,199982
253686,355853,182007,260883,335679,219980
253686,355853,202007,263342,334150,240039
253686,375853,182007,262739,352290,221029
253686,375853,202007,263225,354985,240948
233686,195853,182007,244011,168065,227088
233686,195853,202007,251759,175156,243331
233686,215853,162007,237552,186171,200589
233686,215853,182007,241454,189161,222600
233686,215853,202007,247165,192128,238774
233686,215853,222007,252140,192278,260945
233686,235853,142007,234501,207345,178931
233686,235853,162007,235215,208526,199500
233686,235853,182007,238034,210029,217443
233686,235853,202007,245924,212046,237658
233686,235853,222007,260577,214577,261327
233686,255853,142007,232737,230161,179031
233686,255853,162007,233829,230493,198650
233686,255853,182007,233167,231006,216291
233686,255853,202007,246808,232403,240755
233686,255853,222007,263073,232854,258765
233686,275853,142007,232087,252246,178725
233686,275853,162007,232586,252209,199156
233686,275853,182007,231205,253347,218505
233686,275853,202007,235642,252690,237823
233686,275853,222007,250722,251378,262416
233686,295853,142007,230932,275478,177037
233686,295853,162007,233036,274766,198632
233686,295853,182007,233474,275795,217873
233686,295853,202007,233430,276308,238861
233686,295853,222007,243987,273970,268148
233686,315853,142007,231377,297500,177168
233686,315853,162007,234527,295846,198344
233686,315853,182007,236790,296032,218295
233686,315853,202007,235876,297533,238747
233686,315853,222007,241046,295141,261861
233686,335853,162007,235800,316634,198052
233686,335853,182007,238532,315332,219615
233686,335853,202007,239839,315590,237157
233686,335853,222007,242498,314555,261247
233686,355853,182007,241559,333356,221389
233686,355853,202007,244140,333513,240079
213686,215853,182007,221131,187135,224829
213686,215853,202007,226449,189372,241958
213686,215853,222007,234927,192065,261960
213686,235853,182007,218546,207108,222604
213686,235853,202007,224127,210064,238929
213686,235853,222007,234290,211882,255955
213686,255853,162007,211369,227739,203518
213686,255853,182007,217757,230013,226419
213686,255853,202007,224202,229431,242908
213686,255853,222007,237734,231476,261579
213686,275853,162007,209954,249227,204995
213686,275853,182007,216702,249707,232972
213686,275853,202007,221614,249466,252330
213686,275853,222007,236652,249750,265465
213686,295853,162007,211302,272224,202791
213686,295853,182007,216872,270511,226949
213686,295853,202007,219481,271363,246658
213686,295853,222007,233125,268961,263890
213686,315853,162007,211827,294296,202143
213686,315853,182007,217354,291327,222217
213686,315853,202007,220440,292152,242102
213686,315853,222007,224484,292554,262898
213686,335853,182007,220147,311812,222469
213686,335853,202007,222394,311863,243188
193686,235853,202007,206435,208756,245461
193686,255853,202007,204133,228870,248623
