mcns_x,mcns_y,mcns_z,mcns_plot_x,mcns_plot_y,mcns_plot_z
547344.0,350113.56,261097.08,541985.5,356472.31,261097.08
304472.0,115451.27,125993.78,308788.31,112193.27,125993.78
159904.0,122476.12,249903.12,164054.58,113374.11,249903.12
385960.0,171951.02,272193.84,387928.16,171937.75,272193.84
462481.03,191601.62,230161.08,463593.16,194662.59,230161.08
390361.03,343646.56,279709.16,385391.75,343670.97,279709.16
453282.06,172273.64,170745.05,455182.25,174978.88,170745.05
622386.06,165070.14,296535.5,624439.19,174610.39,296535.5
96714.58,284961.59,337212.53,94354.84,273175.16,337212.53
344187.09,166962.25,234609.7,346390.78,165266.09,234609.7
384179.09,97506.94,129905.94,389155.06,97482.48,129905.94
445052.12,155753.48,175903.97,447626.19,158139.83,175903.97
284756.12,86662.69,156474.0,290251.12,82631.97,156474.0
84807.87,355902.06,284367.66,79592.97,343576.91,284367.66
176797.16,209361.23,197001.69,177425.14,200870.55,197001.69
326277.16,235695.48,308089.38,325719.69,233219.97,308089.38
392294.19,150726.31,242904.2,395114.31,150986.17,242904.2
310678.19,298888.34,242284.05,307581.44,295731.31,242284.05
251486.7,102803.99,268254.88,256357.0,97416.54,268254.88
484151.22,250265.12,292044.91,482876.59,254153.36,292044.91
285640.25,151456.3,241677.67,288517.88,147408.41,241677.67
101807.73,343914.84,332152.22,97063.03,332286.0,332152.22
400024.25,325974.22,141464.55,395760.78,326403.25,141464.55
437800.25,304630.16,211849.61,434367.94,306602.19,211849.61
468481.28,276479.72,165950.95,466160.78,279713.75,165950.95
154649.28,242287.59,265324.25,153965.64,232875.62,265324.25
305377.28,344998.81,210645.25,300422.75,341590.09,210645.25
382234.31,176767.89,179449.31,384010.97,176600.23,179449.31
259090.83,209164.66,269292.94,259659.62,203997.52,269292.94
568890.31,314933.59,203471.53,564935.0,322191.19,203471.53
175347.34,396502.62,246170.22,168418.94,387800.75,246170.22
175300.38,290821.5,285206.09,172639.88,282203.94,285206.09
255436.89,197028.47,134054.62,256498.78,191723.67,134054.62
93596.38,224446.61,237953.19,93683.03,212583.61,237953.19
479365.41,183799.56,114550.94,480778.84,187548.75,114550.94
345085.41,221670.3,153114.61,345079.0,219965.78,153114.61
169374.44,250400.77,186706.11,168351.12,241576.84,186706.11
99854.44,189491.89,322498.81,101347.59,177910.14,322498.81
408550.44,232268.95,232460.95,408064.25,233118.78,232460.95
269495.47,234144.41,284155.41,269047.0,229377.06,284155.41
476183.47,77357.69,156174.06,481898.06,81065.22,156174.06
601928.5,312470.38,264762.56,598045.62,321064.22,264762.56
387136.5,98816.14,173154.17,392057.16,98910.06,173154.17
615896.5,147444.19,295270.78,618666.69,156736.73,295270.78
123269.27,132969.08,292641.81,127025.98,122379.04,292641.81
472393.53,300909.75,181915.98,469083.25,304281.81,181915.98
567474.56,266876.84,205007.62,565461.12,274116.47,205007.62
559194.56,264794.16,330681.91,557272.0,271701.09,330681.91
377234.56,369398.97,240016.02,371236.03,368872.22,240016.02
333195.59,159365.88,160790.09,335715.0,157232.03,160790.09
279107.59,199622.0,240301.58,280045.44,195271.0,240301.58
198108.11,183139.55,247192.77,199777.67,175530.88,247192.77
292124.62,252208.42,139883.14,290928.16,248340.2,139883.14
671252.62,229665.94,318397.66,670657.25,241126.94,318397.66
529988.62,232721.89,261892.47,529385.06,238475.55,261892.47
334845.66,359896.66,187172.31,329265.44,357665.88,187172.31
589270.69,138349.16,249267.19,592429.94,146573.86,249267.19
645734.69,389435.34,284058.38,638707.88,399735.5,284058.38
232639.2,157250.94,176605.02,235326.09,151057.94,176605.02
629510.69,224967.66,322940.59,629139.06,234746.77,322940.59
423735.72,166764.94,165702.58,425882.47,168281.47,165702.58
316615.72,231104.09,202119.78,316251.56,228242.16,202119.78
275744.75,116616.91,280785.75,280037.44,112197.83,280785.75
154096.75,354644.75,220793.56,148876.08,345118.81,220793.56
431808.75,201870.95,143535.97,432531.16,203684.86,143535.97
423641.78,81600.84,230010.73,429227.91,83183.06,230010.73
103637.52,354721.56,332595.06,98454.91,343157.78,332595.06
296842.81,277372.5,289648.19,294626.28,273674.28,289648.19
466210.81,294223.94,175699.62,463175.59,297351.78,175699.62
351170.81,276649.81,139325.55,348939.12,275146.19,139325.55
331035.84,162108.89,241478.38,333446.25,159885.59,241478.38
422627.84,360381.16,215947.97,416956.44,361694.97,215947.97
374292.88,236967.44,259395.44,373644.91,236429.97,259395.44
602132.88,153411.48,276028.81,604673.31,162143.34,276028.81
59918.75,263131.59,264477.62,58470.59,249877.0,264477.62
265805.91,188908.75,263274.03,267187.25,184029.31,263274.03
141173.91,224990.14,197634.14,141199.8,215048.09,197634.14
216022.42,188392.86,257368.62,217465.19,181503.38,257368.62
233862.94,341819.47,281216.28,229095.14,335525.28,281216.28
225190.94,271612.66,242120.08,223265.47,265025.53,242120.08
330278.94,222072.91,212080.86,330268.38,219770.11,212080.86
195183.97,274474.5,312021.09,193167.39,266673.25,312021.09
377929.0,140017.91,237476.17,381193.28,139706.38,237476.17
453881.0,146909.98,168441.16,456804.97,149660.09,168441.16
526329.0,58280.2,193517.41,532773.12,64028.39,193517.41
351346.03,256622.75,121979.67,349923.0,255142.55,121979.67
191834.03,324678.09,264758.59,187792.75,316700.59,264758.59
157035.06,285337.62,329647.84,154610.94,275986.88,329647.84
428475.06,196146.06,174922.19,429431.41,197830.0,174922.19
147355.06,213323.75,331060.19,147847.06,203640.84,331060.19
231346.55,173142.08,146927.61,233392.72,166883.89,146927.61
393108.09,113135.89,181347.17,397445.59,113459.28,181347.17
422453.12,223804.58,273945.06,422297.41,225222.77,273945.06
607021.12,392346.5,290375.38,599908.38,401080.81,290375.38
609709.12,355436.44,208559.48,604084.75,364309.44,208559.48
573621.12,292025.94,206217.69,570587.0,299493.28,206217.69
78537.9,332327.62,268110.25,74280.16,319768.5,268110.25
472823.19,67434.54,247170.56,478941.25,71014.45,247170.56
360159.19,321816.47,121972.2,356096.16,320639.0,121972.2
585687.19,249027.81,186996.34,584379.75,257017.52,186996.34
417999.19,264365.5,273041.91,416209.06,265570.72,273041.91
472984.22,265039.75,157866.84,471122.06,268464.97,157866.84
395520.22,158756.5,120368.71,398013.41,159140.09,120368.71
303121.25,153955.08,166199.59,305883.72,150611.12,166199.59
330641.25,172507.52,266467.91,332632.03,170259.78,266467.91
272353.25,145104.41,281137.03,275498.25,140525.12,281137.03
454442.28,145403.84,164986.05,457426.62,148177.84,164986.05
670147.31,345269.47,311966.28,664884.25,356591.53,311966.28
517515.31,270505.09,231267.08,515396.06,275724.19,231267.08
297571.31,278544.78,162971.44,295306.84,274875.03,162971.44
438467.31,206506.89,142618.48,438997.09,208585.91,142618.48
306820.34,72394.02,158103.09,312873.56,69265.98,158103.09
379324.34,246200.28,225068.05,378299.38,245858.47,225068.05
638453.38,350863.03,321717.19,632990.25,360900.56,321717.19
430925.38,187550.55,190688.0,432226.84,189340.47,190688.0
607821.38,226316.2,177988.61,607413.06,235218.3,177988.61
315830.41,269004.97,164877.39,313936.28,266080.41,164877.39
407222.41,377367.78,216748.67,400877.59,378045.56,216748.67
259727.44,232569.67,252896.75,259350.52,227409.16,252896.75
552103.44,247801.16,227644.48,550872.88,254435.61,227644.48
586439.44,236191.5,307958.0,585649.75,244222.06,307958.0
360576.47,276648.31,305538.5,358337.19,275524.56,305538.5
348848.47,375868.06,244533.95,342611.84,374189.72,244533.95
375297.5,72929.12,175291.89,381273.25,72566.06,175291.89
225666.02,124108.55,175952.81,229697.02,117660.95,175952.81
381073.5,143698.44,98641.0,384186.59,143510.91,98641.0
404874.53,327650.91,291414.34,400539.41,328274.47,291414.34
378282.53,198140.28,215908.95,379199.28,197795.61,215908.95
663043.56,176231.59,319372.31,664612.69,187404.67,319372.31
209955.56,348625.12,215920.81,204932.42,341359.91,215920.81
229227.56,225306.84,273483.72,229168.83,218920.53,273483.72
368060.59,265299.66,180250.62,366273.5,264487.38,180250.62
279236.59,266087.28,163136.08,277490.16,261687.28,163136.08
248965.11,330479.62,297635.03,244642.94,324804.59,297635.03
379045.62,189990.47,190931.44,380290.88,189683.27,190931.44
482813.62,124992.88,268417.44,486599.12,128929.3,268417.44
185222.66,214302.53,221610.47,185644.2,206148.09,221610.47
329398.66,113343.8,190681.3,333779.75,111094.16,190681.3
409687.69,194385.72,160865.23,410730.44,195312.38,160865.23
354831.69,118022.37,259207.06,359003.06,116796.01,259207.06
502335.69,181219.12,260875.77,503834.59,185898.06,260875.77
459703.69,42752.88,204089.28,466829.25,45823.09,204089.28
213880.72,285464.03,316089.62,211405.09,278408.88,316089.62
401057.75,220835.28,262388.03,401039.41,221391.84,262388.03
422505.75,119358.23,188215.0,426568.0,120863.74,188215.0
498657.75,134625.5,269704.59,502041.31,139193.91,269704.59
330290.78,283632.19,154340.67,327794.19,281279.66,154340.67
395930.78,129441.37,231148.56,399607.5,129865.45,231148.56
493979.81,143223.41,276195.81,497019.97,147595.91,276195.81
504003.81,199988.31,276004.53,504743.38,204719.31,276004.53
392795.81,279306.31,258455.5,390422.88,279481.53,258455.5
476475.81,204787.53,229634.59,477044.03,208402.91,229634.59
457004.84,211549.16,135317.75,457315.88,214372.69,135317.75
501700.84,144277.78,163787.84,504692.12,148961.22,163787.84
199766.39,221745.41,220855.11,199875.52,214172.23,220855.11
373933.88,124708.77,158729.59,377819.69,124248.39,158729.59
528309.88,175047.2,269606.53,530036.88,180780.12,269606.53
302654.91,75828.67,244839.33,308572.81,72529.61,244839.33
441486.91,261918.3,167733.19,439776.47,264074.06,167733.19
544895.94,248737.58,197337.92,543633.44,255080.19,197337.92
368415.94,208548.88,161924.53,368920.41,207797.27,161924.53
432343.94,342329.69,294313.69,427393.59,344050.59,294313.69
402240.97,214598.36,273715.91,402473.56,215207.8,273715.91
458944.97,63301.3,235670.83,465241.31,66324.14,235670.83
419394.0,263176.47,268214.66,417650.78,264439.0,268214.66
476650.0,312326.0,211632.53,472875.22,315860.69,211632.53
305163.03,313791.78,192411.69,301468.94,310399.88,192411.69
288019.03,192875.64,268839.34,289222.06,188890.03,268839.34
171075.55,309797.09,330241.25,167652.17,300993.44,330241.25
102623.8,150258.36,261112.2,105699.12,138820.45,261112.2
336548.06,117854.27,232202.22,340741.16,115889.67,232202.22
54570.19,284571.81,274337.06,52260.56,271083.72,274337.06
440989.09,204943.23,132254.0,441579.97,207125.38,132254.0
114256.84,145945.58,252195.86,117496.88,134981.0,252195.86
326758.12,151982.98,106522.99,329580.94,149595.19,106522.99
202894.64,120748.47,212596.27,207079.91,113384.01,212596.27
609150.12,249162.86,294966.38,607818.06,258099.98,294966.38
312871.16,282673.81,233320.53,310427.44,279618.59,233320.53
466903.16,75040.33,156188.12,472718.91,78374.97,156188.12
444784.19,230740.94,204516.59,444330.12,233055.28,204516.59
468744.19,141517.05,271817.66,471873.81,144871.78,271817.66
462512.19,127318.78,256229.44,466220.31,130433.45,256229.44
519273.22,292502.66,307966.12,516264.19,297774.81,307966.12
456081.22,347890.84,246042.83,450886.94,350565.84,246042.83
104301.99,347790.5,332140.19,99398.75,336259.25,332140.19
352362.25,259229.03,251205.05,350833.12,257787.75,251205.05
228010.25,348975.59,318446.28,222958.25,342439.22,318446.28
352027.28,377885.12,201705.94,345706.56,376333.5,201705.94
141195.8,355947.94,228878.69,135933.05,345899.94,228878.69
441924.31,326791.06,250664.94,437593.69,328911.56,250664.94
456964.31,196476.47,82487.09,457884.09,199310.66,82487.08
122963.8,204375.77,317273.28,123837.0,193715.12,317273.28
334077.34,130247.17,195605.78,337771.97,128172.7,195605.78
617502.38,313556.53,320467.22,613563.0,322778.44,320467.22
527102.38,186389.16,264935.28,528372.25,192064.05,264935.28
154453.86,232075.92,300533.84,154182.77,222664.41,300533.84
404623.41,192971.05,169247.38,405727.44,193694.34,169247.38
420767.41,243891.17,238193.36,419801.91,245224.89,238193.36
215567.92,326597.91,329017.09,211429.77,319577.31,329017.09
129271.92,193425.28,213783.47,130582.25,183028.33,213783.47
222320.95,313223.0,233611.8,218717.42,306486.06,233611.8
339544.44,324061.0,296742.94,335407.56,322049.19,296742.94
74769.47,317075.53,260808.86,71130.75,304376.62,260808.86
432345.47,220052.23,295028.38,432333.22,221872.98,295028.38
188786.5,197899.17,316237.28,189867.58,189902.03,316237.28
527346.5,113957.01,270112.41,531541.31,119700.86,270112.41
604026.5,338807.91,315413.09,599078.31,347464.97,315413.09
370907.53,294682.62,320410.03,367931.5,293961.34,320410.03
186219.53,166665.88,252243.22,188564.05,158590.53,252243.22
306348.56,66165.25,235318.77,312653.75,63023.23,235318.77
566692.56,329141.38,206924.86,562165.25,336298.62,206924.86
374492.56,187821.44,183618.17,375829.12,187332.12,183618.17
480244.56,135559.25,141037.66,483605.44,139383.3,141037.66
470149.59,296039.56,175739.28,467037.81,299325.0,175739.28
164590.11,159308.88,213131.42,167249.39,150366.06,213131.42
261486.11,168945.17,152148.44,263677.19,163907.56,152148.44
591222.62,299190.62,321430.84,587884.81,307362.97,321430.84
438662.62,103487.13,242651.78,443352.62,105658.09,242651.78
288983.66,51362.87,238667.38,295900.78,47531.67,238667.38
199431.66,212910.77,221374.92,199897.83,205331.28,221374.92
532680.69,139040.14,159992.05,535858.19,144978.94,159992.05
366448.69,251083.81,126903.63,365237.03,250218.05,126903.63
623552.69,397152.53,277358.19,616232.31,406550.53,277358.19
226769.2,256528.62,208673.17,225451.59,250017.55,208673.17
494849.72,97741.21,278924.53,499725.94,102185.94,278924.53
462577.72,174634.55,171361.58,464375.0,177713.27,171361.58
418538.75,314892.53,129710.4,414707.72,316078.31,129710.4
469258.75,243795.39,99122.23,468257.53,247087.48,99122.23
655738.75,115663.52,271311.88,659759.94,126591.0,271311.88
427891.78,238941.06,295965.88,427120.38,240566.55,295965.88
300324.81,115967.38,249944.14,304623.69,112541.47,249944.14
580020.81,80697.08,235446.39,585515.88,88595.28,235446.39
238516.81,189685.11,301497.94,239889.06,183702.98,301497.94
365204.81,235540.73,159141.27,364621.84,234637.41,159141.27
464101.84,224019.31,127801.92,463903.47,227119.28,127801.92
550198.88,224371.73,318399.5,549916.06,230948.38,318399.5
590606.88,330705.38,316362.28,585996.88,338827.12,316362.28
578630.88,247621.53,196062.0,577385.94,255327.42,196062.0
368895.91,381629.72,222438.3,362410.25,380756.25,222438.3
220943.91,116036.5,180859.66,225304.73,109404.8,180859.66
431240.94,147523.94,268847.81,434158.62,149359.23,268847.81
239344.42,196862.25,258736.16,240426.14,190907.7,258736.16
203384.42,198972.12,227260.59,204410.28,191563.62,227260.59
60265.97,271086.47,318515.81,58496.31,257839.41,318515.81
382297.97,287147.22,280596.91,379616.97,286892.06,280596.91
326099.0,253928.2,205143.55,324805.38,251430.61,205143.55
539795.0,125352.61,163166.75,543519.5,131589.88,163166.75
596595.0,397398.12,272581.62,589286.75,405707.28,272581.62
488596.03,166839.64,141819.8,490686.84,170975.44,141819.8
394756.03,181472.02,230196.05,396332.5,181806.2,230196.05
284245.06,201896.66,234575.48,285086.88,197751.28,234575.48
600933.06,152713.72,313646.16,603502.69,161397.7,313646.16
540333.06,173838.11,298010.56,542099.0,180057.56,298010.56
381926.09,83504.33,185194.12,387469.38,83400.33,185194.12
401254.09,86158.44,139665.34,406674.41,86832.81,139665.34
632567.12,161739.28,204872.84,634746.44,171693.41,204872.84
441287.12,222838.84,213719.75,441155.06,225018.42,213719.75
636623.12,264937.25,186584.72,634631.56,274970.97,186584.72
247951.12,197985.02,264311.0,248980.48,192377.12,264311.0
391464.16,183677.05,232473.77,392954.25,183876.5,232473.77
343464.16,184583.58,175804.94,344956.81,182843.86,175804.94
674209.19,285135.75,219755.91,671371.25,296670.88,219755.91
630649.19,161218.09,299374.69,632851.12,171095.19,299374.69
411225.19,212433.16,167277.39,411537.88,213407.19,167277.39
268474.22,217766.08,246410.47,268688.0,212970.86,246410.47
432123.25,344232.03,201460.19,427096.28,345942.5,201460.19
551947.25,126649.22,261649.61,555609.5,133376.19,261649.61
539963.25,187995.44,250394.81,541157.75,194188.41,250394.81
214379.25,341786.75,236043.19,209628.66,334705.78,236043.19
406052.28,224862.8,158092.72,405867.19,225617.78,158092.72
507892.28,105399.0,241966.05,512448.59,110364.19,241966.05
560173.31,222981.11,243916.88,559938.56,229961.7,243916.88
519325.31,222129.06,291861.03,519158.22,227460.73,291861.03
180372.8,202119.75,224205.86,181290.31,193779.38,224205.86
362822.34,97573.39,223746.84,367813.03,96686.41,223746.84
77010.6,324273.88,329291.09,73079.38,311659.62,329291.09
99483.63,206799.45,239943.66,100278.16,195188.62,239943.66
484015.38,184142.31,138707.97,485411.19,188079.0,138707.97
541999.38,251870.52,197917.08,540612.75,258093.59,197917.08
548391.38,212011.56,263840.22,548609.12,218525.3,263840.22
144280.41,386139.06,252734.45,137795.89,376191.0,252734.45
210249.95,123821.54,269332.06,214305.11,116751.62,269332.06
586641.44,285556.22,326480.12,583858.0,293554.66,326480.12
464201.44,237395.61,226689.31,463462.81,240488.69,226689.31
442882.47,166506.03,168861.11,445024.03,168796.0,168861.11
318250.47,357441.19,195187.53,312782.94,354542.19,195187.53
377395.5,157343.59,128734.2,379960.53,156996.38,128734.2
235706.98,116549.91,160915.19,240035.05,110513.98,160915.19
459995.5,228916.72,124262.93,459602.72,231846.84,124262.93
414964.53,263603.84,298822.69,413207.66,264687.12,298822.69
367428.53,253705.44,264295.28,366110.19,252877.11,264295.28
563789.56,85412.17,206729.02,569107.44,92651.03,206729.02
534829.56,197044.61,291141.53,535662.88,203022.86,291141.53
251237.05,276052.19,320423.81,249111.03,270513.31,320423.81
487790.59,187334.0,91188.73,489054.41,191420.55,91188.73
313942.59,276764.47,222141.86,311736.66,273757.34,222141.86
293351.62,246143.86,182956.97,292399.09,242330.14,182956.97
247991.11,193564.05,264567.28,249198.98,187961.38,264567.28
178559.62,167422.39,328113.16,180879.84,159037.11,328113.16
500607.62,180681.69,276965.94,502129.62,185291.27,276965.94
310752.66,267109.72,165253.14,308939.22,263981.62,165253.14
346784.66,115853.18,246485.89,351050.22,114303.62,246485.89
206050.2,91730.83,220406.92,211404.77,84517.47,220406.92
423689.69,122759.68,250096.34,427613.59,124310.24,250096.34
562537.69,175254.64,221562.69,564228.31,182369.66,221562.69
319434.72,155160.62,276459.97,322135.19,152474.47,276459.97
478490.72,226572.52,288089.88,478177.5,230251.48,288089.88
115883.75,163757.52,239083.41,118403.09,152844.09,239083.41
560147.75,234494.19,179289.52,559448.0,241464.36,179289.52
367883.75,250454.97,146028.25,366696.31,249647.67,146028.25
321596.78,144923.98,102053.22,324708.88,142333.5,102053.22
419340.78,338419.97,291571.38,414558.97,339618.97,291571.38
409404.78,258440.31,248447.8,407860.97,259303.28,248447.8
388093.81,346136.0,255815.19,383025.84,346066.81,255815.19
342557.81,65226.68,149453.7,348871.34,63547.73,149453.7
137381.3,406800.94,302934.53,130067.97,396557.41,302934.53
277278.84,237158.36,125957.34,276702.28,232702.89,125957.34
452518.84,166916.42,277350.69,454636.0,169595.19,277350.69
539871.88,182205.41,303787.12,541300.31,188399.41,303787.12
456743.88,354629.84,236579.02,451276.88,357326.12,236579.02
124440.39,169239.11,228512.69,126731.41,158666.78,228512.69
365304.91,238683.05,163664.44,364594.97,237781.2,163664.44
461128.91,195913.52,232478.39,462068.0,198916.34,232478.39
607553.94,399247.03,280331.69,600162.06,407997.25,280331.69
205329.94,222903.33,240385.14,205387.77,215553.89,240385.14
557105.94,253396.53,211697.05,555645.31,260228.44,211697.05
380466.97,152962.17,238041.94,383206.44,152742.58,238041.94
280602.97,161023.22,178266.34,283098.38,156764.09,178266.34
376156.0,256883.91,228054.97,374702.19,256405.44,228054.97
472524.0,100565.87,251962.0,477304.38,104106.68,251962.0
370964.0,336740.38,301685.41,366289.44,335987.09,301685.41
416173.03,59284.45,151213.86,422666.47,60583.25,151213.86
360189.03,268164.25,305330.47,358292.69,267031.75,305330.47
280462.06,131832.88,269780.66,284136.41,127591.88,269780.66
279582.06,200583.41,142287.41,280480.69,196250.78,142287.41
164238.58,231061.41,188397.02,164000.47,222045.86,188397.02
90375.09,358114.34,272101.12,85066.28,346012.19,272101.12
442791.09,114760.12,231358.86,447022.5,117088.6,231358.86
135344.12,312384.84,309799.78,131845.39,302136.06,309799.78
384584.12,182836.19,229722.8,386113.81,182758.5,229722.8
80915.87,268297.12,328502.72,79242.03,255886.27,328502.72
405977.16,290841.22,286380.34,403127.69,291539.34,286380.34
251986.19,310052.75,312406.41,248486.5,304516.38,312406.41
306530.19,336948.69,257509.11,301899.81,333593.12,257509.11
441018.19,131815.72,258094.56,444562.25,134058.69,258094.56
382179.22,152289.16,140845.22,384944.47,152139.25,140845.22
284635.22,108029.14,289330.59,289267.47,103976.1,289330.59
584580.25,157399.47,240221.88,586974.0,165419.22,240221.88
336356.25,55968.61,167405.66,343048.75,54046.77,167405.66
456180.25,343964.25,243803.62,451144.47,346646.47,243803.62
539004.25,249999.58,261675.36,537695.62,256103.23,261675.36
503605.28,91543.28,237961.11,508724.66,96346.65,237961.11
502845.28,144120.83,146094.56,505841.97,148850.59,146094.56
654494.31,384795.66,274028.59,647647.75,395453.31,274028.59
274606.31,121645.65,277603.59,278696.84,117176.49,277603.59
590110.31,251835.47,297852.0,588685.81,260001.52,297852.0
314911.34,226580.84,295114.59,314731.25,223653.77,295114.59
513535.34,284947.44,190450.12,510836.09,289994.03,190450.12
351655.34,124042.41,172330.44,355586.22,122682.87,172330.44
559448.38,192571.28,136001.56,560442.25,199547.41,136001.56
421352.38,269501.25,133794.17,419352.12,270837.69,133794.17
129000.38,265475.62,293690.94,127401.2,255008.94,293690.94
328737.41,193989.17,296348.84,329862.22,191647.03,296348.84
310009.41,287103.0,235085.09,307389.19,283928.56,235085.09
317690.44,151666.12,167488.19,320533.44,148912.41,167488.19
122262.7,243039.08,209081.56,121575.12,232318.58,209081.56
584746.44,270984.59,296796.56,582553.0,278918.41,296796.56
296323.47,239369.33,184088.47,295642.09,235681.16,184088.47
334003.47,125465.0,269948.97,337891.31,123391.43,269948.97
482804.5,127801.06,237476.91,486476.56,131734.81,237476.91
234141.02,184110.28,141624.19,235741.97,177955.98,141624.19
601148.5,348279.59,298785.25,595820.19,356812.69,298785.25
297661.53,46459.71,230833.05,304769.56,42982.95,230833.05
408813.53,212906.14,281523.47,409109.09,213782.39,281523.47
162575.08,189469.92,305682.94,164017.97,180421.12,305682.94
180566.56,268355.84,308476.19,178809.02,259969.28,308476.19
84119.08,214300.28,323806.06,84623.22,202062.83,323806.06
68267.85,237696.53,317310.09,67840.06,224799.84,317310.09
412151.59,88570.37,111891.45,417465.62,89682.87,111891.45
431136.62,369046.53,197324.36,425108.34,370696.88,197324.36
427416.62,224666.44,268182.16,427222.06,226284.38,268182.16
325456.62,243825.69,220617.28,324571.5,241310.41,220617.28
484225.66,136064.14,230755.11,487562.88,140048.56,230755.11
402865.66,115791.34,181472.55,407087.97,116506.62,181472.55
301018.69,175442.45,173809.94,302915.12,171996.05,173809.94
168363.2,253472.94,293494.78,167216.66,244605.67,293494.78
297410.69,129058.16,250791.78,301183.25,125503.88,250791.78
302323.72,313403.16,196050.28,298647.62,309896.91,196050.28
148027.72,328739.06,321697.47,143858.19,318989.19,321697.47
462644.75,234480.94,299257.38,462025.09,237513.53,299257.38
498764.75,192130.59,235930.95,499825.94,196656.41,235930.95
495572.75,127916.34,127971.6,499229.75,132365.64,127971.6
291284.75,213578.03,231566.19,291649.06,209707.42,231566.19
301669.78,308008.91,193628.11,298212.06,304480.62,193628.11
196597.78,257331.58,221545.59,195272.38,249601.39,221545.59
700030.81,187009.2,256665.42,701134.62,199667.19,256665.42
542974.81,277688.19,322514.03,540544.69,283929.59,322514.03
556630.81,175800.7,257807.23,558304.25,182676.73,257807.23
325087.84,200776.92,224541.44,325941.53,198281.86,224541.44
430823.84,107257.29,240343.12,435367.97,109108.61,240343.12
98280.88,274307.28,228076.94,96350.09,262592.81,228076.94
540560.88,258815.48,198829.59,538894.94,264974.81,198829.59
175736.88,252155.12,334170.69,174637.53,243586.72,334170.69
421513.91,300533.81,316830.59,418260.31,301851.47,316830.59
418233.91,311591.28,316192.81,414536.44,312767.47,316192.81
464570.94,127879.0,279838.81,468254.75,131076.34,279838.81
365586.94,187412.95,160476.88,366947.28,186564.33,160476.88
275450.94,304497.84,213746.16,272156.44,299913.62,213746.16
290203.97,146485.97,242513.34,293278.62,142626.44,242513.34
56023.71,235657.83,274150.88,55688.25,222268.34,274150.88
708053.0,222378.72,252720.28,707721.88,235331.81,252720.28
415365.0,209741.73,112497.95,415783.0,210885.16,112497.95
474405.0,310875.09,202534.12,470690.62,314320.28,202534.12
515654.03,273556.72,173705.36,513413.06,278698.16,173705.36
276398.03,236004.16,129849.37,275868.81,231514.06,129849.37
396191.06,291807.69,292895.5,393310.53,292109.81,292895.5
660823.06,278508.44,207671.8,658263.69,289508.38,207671.8
696543.06,172002.31,306461.94,698255.75,184531.7,306461.94
74908.35,199439.73,263171.53,76020.16,186842.44,263171.53
454656.09,326154.06,281499.03,450340.81,328789.25,281499.03
444969.12,64683.49,157510.22,451221.03,67140.78,157510.22
384105.12,93337.91,137867.8,389249.5,93313.88,137867.8
585713.12,145201.12,295305.59,588598.56,153276.59,295305.59
98246.41,269860.84,229248.22,96495.25,258148.58,229248.22
208922.16,216404.58,332375.47,209239.52,209205.52,332375.47
638299.19,152634.11,214942.06,640841.56,162827.16,214942.06
101531.7,185273.98,244869.67,103193.84,173763.41,244869.67
184306.67,226089.28,213474.28,184252.98,217888.22,213474.28
416828.22,329471.31,141264.62,412409.81,330576.16,141264.62
422740.22,257581.86,261352.62,421220.22,258984.08,261352.62
544317.25,109147.41,157099.81,548692.5,115580.53,157099.81
474133.25,54839.13,243195.42,480758.94,58482.23,243195.42
380829.25,155813.83,140405.05,383453.28,155606.53,140405.05
221030.28,256182.31,229144.23,219731.34,249439.75,229144.23
422935.31,264223.09,135742.05,421146.94,265627.78,135742.05
556295.31,286779.91,306116.72,553487.25,293551.84,306116.72
209806.8,128886.96,209250.91,213657.73,121795.02,209250.91
518312.34,119126.83,126471.97,522305.78,124501.62,126471.97
210544.34,96161.29,195202.69,215716.3,89125.83,195202.69
564073.38,271591.62,210070.28,561872.25,278690.06,210070.28
578593.38,286182.91,207482.03,575791.19,293855.81,207482.03
670401.38,261139.78,318274.16,668535.62,272540.75,318274.16
312177.38,289994.88,224711.86,309438.59,286905.66,224711.86
294418.41,231001.58,166096.67,294076.5,227243.3,166096.67
432371.44,171448.98,170704.19,434321.97,173310.42,170704.19
213850.92,336989.5,270946.19,209294.52,329891.09,270946.19
423283.44,337269.94,255723.34,418544.81,338629.06,255723.34
155610.92,215358.92,262171.09,156014.0,206007.75,262171.09
364940.47,260937.12,256090.52,363332.12,260002.41,256090.52
377332.47,144536.02,223342.86,380414.75,144196.69,223342.86
291077.5,66872.62,170310.83,297366.56,63113.33,170310.83
629573.5,317778.97,195418.11,625453.75,327484.91,195418.11
699773.5,177196.39,306569.22,701273.75,189851.98,306569.22
345622.53,205930.62,298851.88,346251.31,204260.64,298851.88
504406.53,135436.52,272390.41,507752.62,140236.44,272390.41
237967.05,232903.81,135164.52,237594.39,226864.22,135164.52
429887.56,252719.97,248617.2,428558.06,254414.8,248617.2
373711.56,134557.0,217968.5,377199.81,134079.59,217968.5
356760.59,121766.42,256544.23,360779.22,120614.91,256544.23
454832.59,334729.03,175309.11,450170.88,337364.34,175309.11
442025.62,200296.47,216043.02,442803.31,202524.25,216043.02
223929.62,152033.5,205329.83,226834.3,145493.0,205329.83
320497.62,352074.41,256113.52,315245.0,349270.56,256113.52
337721.62,273882.56,236530.23,335612.69,271838.06,236530.23
272786.66,83273.78,163336.0,278428.28,78762.45,163336.0
188852.2,196058.58,192506.84,190007.56,188065.58,192506.84
195851.17,227329.52,212983.58,195737.97,219593.66,212983.58
315763.69,271360.97,204019.8,313774.5,268431.78,204019.8
299740.72,313746.06,260879.47,296052.91,310135.22,260879.47
456740.72,138812.22,265391.78,459989.41,141684.44,265391.78
93738.01,221742.88,330100.56,93933.72,209887.81,330100.56
416829.75,264432.03,278564.47,415037.91,265589.97,278564.47
464373.75,111942.27,287877.28,468701.34,115144.66,287877.28
331542.78,227879.38,153421.59,331296.69,225622.89,153421.59
418910.78,169131.73,198840.48,420965.91,170451.47,198840.48
453735.81,150259.59,101363.64,456524.66,153001.12,101363.64
109796.07,355155.72,250144.22,104590.91,343840.31,250144.22
297319.81,139868.88,146049.52,300655.88,136302.11,146049.52
395120.84,213105.97,204064.22,395419.47,213429.09,204064.22
370904.84,377258.38,207545.17,364594.06,376469.62,207545.17
609081.88,254130.28,244824.03,607549.19,263060.59,244824.03
367529.88,284834.19,296911.41,364954.34,283984.56,296911.41
519857.88,199614.22,262239.5,520599.62,204985.75,262239.5
271610.91,153633.23,176652.73,274412.09,149017.03,176652.73
382434.91,219509.45,260038.3,382485.31,219315.03,260038.3
667051.94,278418.88,318780.31,664491.12,289670.44,318780.31
318211.94,235618.8,298911.06,317664.19,232817.64,298911.06
483747.94,179400.47,196194.23,485335.44,183330.23,196194.23
451196.97,123733.98,256812.95,455059.09,126394.62,256812.95
286268.97,148075.11,246689.58,289282.66,144055.38,246689.58
286214.0,219840.8,138168.08,286329.53,215760.3,138168.08
541798.0,185661.95,280558.97,543085.25,191930.91,280558.97
84502.52,360269.22,293018.44,79111.5,347928.19,293018.44
524982.0,335355.72,268663.09,520237.75,340823.44,268663.09
279623.03,249011.95,153543.02,278565.88,244641.48,153543.02
179816.06,290111.5,330806.59,177180.55,281676.88,330806.59
261672.58,188850.45,139703.53,263059.62,183804.14,139703.53
575440.06,157742.14,309989.31,577827.44,165392.5,309989.31
215592.58,177423.36,155074.72,217478.7,170525.45,155074.72
352145.09,89791.71,116006.3,357458.75,88479.89,116006.3
486681.09,279613.69,152835.48,484219.19,283580.16,152835.48
148258.12,283834.88,300061.31,145901.84,274130.91,300061.31
578514.12,174422.88,163079.06,580225.38,182183.77,163079.06
262506.12,212723.58,251955.28,262928.41,207691.45,251955.28
154315.16,204018.38,300734.03,155177.27,194624.14,300734.03
392515.16,185902.7,206262.81,393914.5,186142.78,206262.81
364252.19,177662.08,169887.27,366007.41,176767.5,169887.27
677580.19,343632.88,248133.62,672377.12,355256.41,248133.62
631780.19,204631.22,324163.88,632228.0,214518.58,324163.88
551956.19,149557.91,165539.16,554693.25,156266.56,165539.16
225469.22,191255.47,255822.86,226788.7,184745.16,255822.86
361974.25,250109.83,288093.0,360805.56,249064.16,288093.0
581950.25,316948.0,252488.58,577902.88,324731.38,252488.58
308550.25,166177.92,279729.41,310814.69,163043.23,279729.41
409975.28,107849.78,235537.41,414512.53,108858.66,235537.41
275895.28,132581.14,270021.78,279543.16,128155.12,270021.78
705528.31,267445.91,246465.44,703379.25,280260.28,246465.44
595376.31,164641.33,296625.66,597468.75,173091.16,296625.66
328656.31,260348.67,304713.59,327101.31,257949.12,304713.59
279985.34,84546.55,265090.59,285569.69,80324.91,265090.59
152833.34,220749.25,267281.53,153020.98,211281.52,267281.53
562258.38,248268.33,316364.56,561000.62,255312.5,316364.56
591570.38,190919.45,210151.09,592604.75,199194.16,210151.09
459682.38,124375.44,254011.22,463511.66,127378.23,254011.22
461939.41,256068.92,128119.05,460448.53,259055.42,128119.05
312772.44,349444.66,191097.17,307632.31,346330.94,191097.17
169916.44,140524.3,285734.69,173329.97,131811.91,285734.69
252523.92,213929.08,133955.8,252905.66,208492.84,133955.8
436429.47,344713.78,198102.39,431379.53,346597.75,198102.39
304269.47,250387.39,152937.69,303136.62,247011.12,152937.69
545814.5,108969.77,260940.72,550195.69,115463.52,260940.72
336966.5,244442.19,232050.42,336047.09,242391.22,232050.42
206334.5,356924.47,324098.44,200979.14,349506.25,324098.44
431334.5,375443.09,220553.88,425047.72,377096.25,220553.88
502687.53,296340.53,177555.09,499537.06,300939.75,177555.09
235736.56,186682.55,276417.03,237232.33,180590.59,276417.03
452544.56,359632.84,225636.95,446879.0,362155.47,225636.95
533984.56,220147.61,128139.99,533885.56,226072.89,128139.99
180520.56,311588.44,265792.94,177017.14,303164.75,265792.94
409201.59,225757.42,161318.05,408977.84,226638.86,161318.05
441265.59,306357.5,216109.62,437760.69,308468.06,216109.62
618666.62,200245.53,185415.94,619302.25,209606.89,185415.94
390858.62,107875.91,210004.03,395410.41,108112.76,210004.03
145474.62,202139.14,301591.59,146419.83,192389.42,301591.59
615506.62,369757.41,225005.19,609299.19,378852.88,225005.19
442427.66,229529.27,86987.26,442024.44,231749.44,86987.27
382083.66,122472.45,217414.94,386053.09,122343.01,217414.94
483516.69,202823.52,148095.47,484158.47,206724.83,148095.47
429980.69,317222.22,134217.55,426046.25,318868.19,134217.55
336084.69,232808.94,303397.84,335635.81,230731.86,303397.84
491157.72,201669.61,291222.19,491839.88,205880.44,291222.19
419901.72,170770.67,157591.3,421889.84,172129.09,157591.3
553774.75,153941.0,155712.38,556333.31,160719.53,155712.38
387006.75,104293.2,121985.8,391706.34,104377.4,121985.8
631558.75,157063.83,302800.84,633927.69,166981.06,302800.84
390175.78,309361.47,136665.08,386591.25,309406.38,136665.08
300751.78,195235.38,131369.81,301849.12,191762.05,131369.81
379056.81,136296.75,257714.69,382470.47,136033.81,257714.69
338144.81,281932.97,182219.12,335710.41,279899.0,182219.12
366769.84,206115.81,116201.72,367373.91,205299.69,116201.72
301473.84,328766.0,230333.0,297178.03,325212.88,230333.0
181201.84,232984.88,308507.69,180872.22,224652.81,308507.69
429498.88,349351.66,173564.72,424267.28,350951.97,173564.72
302770.88,284522.56,291710.38,300260.75,281057.94,291710.38
538994.88,120375.18,195587.44,542921.0,126584.2,195587.44
356339.91,153425.62,232212.14,359080.34,152231.28,232212.14
297771.91,171142.92,136985.95,299844.59,167568.91,136985.95
111909.45,202643.89,319897.44,112861.69,191538.25,319897.44
668260.94,214095.3,316212.75,668296.88,225448.19,316212.75
534724.94,143943.31,167158.22,537702.75,149960.66,167158.22
439613.97,119433.43,100055.09,443659.22,121629.8,100055.09
374573.97,163789.17,235859.86,376881.0,163322.75,235859.86
489743.0,139327.78,240109.39,492943.94,143532.34,240109.39
350199.0,58004.92,161426.75,356797.94,56640.42,161426.75
75703.52,257553.09,323591.5,74467.78,244940.5,323591.5
267624.03,156812.05,152254.39,270300.06,152032.22,152254.39
304392.03,177187.42,120216.44,306215.25,173875.83,120216.44
449745.06,210222.97,83079.83,450115.56,212754.39,83079.83
515985.06,101599.57,259183.36,520688.22,106894.68,259183.36
106657.58,318526.09,340256.78,102934.28,307113.81,340256.78
560017.06,277419.41,313336.16,557583.88,284349.25,313336.16
523578.09,237244.23,229203.31,522797.16,242735.31,229203.31
326874.09,161786.58,242897.53,329300.91,159395.47,242897.53
570139.12,230223.03,229387.38,569603.75,237600.17,229387.38
302691.12,107501.64,247398.7,307329.94,104178.2,247398.7
228571.64,253231.03,325527.84,227385.73,246795.45,325527.84
190499.64,196068.08,185847.55,191653.3,188141.61,185847.55
283316.16,174121.0,157534.28,285280.41,169960.77,157534.28
505316.16,146777.64,150976.73,508203.53,151605.03,150976.73
363109.19,189837.36,177196.08,364373.66,188886.69,177196.08
551373.19,245960.53,181586.98,550217.56,252566.98,181586.98
378397.19,138043.72,231635.25,381740.81,137752.69,231635.25
326958.22,210022.81,95840.73,327437.0,207595.75,95840.73
418286.22,189744.56,157702.58,419509.41,191022.25,157702.58
358119.25,195274.94,159556.22,359168.19,194118.33,159556.22
352815.25,271114.53,306213.97,350805.78,269681.84,306213.97
502031.25,144832.33,160480.69,504999.88,149528.66,160480.69
335576.28,109557.23,256178.05,340105.25,107560.16,256178.05
378672.28,321822.12,136966.91,374593.91,321392.28,136966.91
656689.31,237821.5,317020.28,655776.44,248687.72,317020.28
274481.31,150141.48,176072.94,277421.16,145644.03,176072.94
267921.31,197791.0,136372.75,268942.22,192989.75,136372.75
480794.34,165829.97,128543.08,482932.31,169651.52,128543.08
551555.38,136611.86,193679.27,554815.62,143314.89,193679.27
254267.89,282755.16,190529.06,251868.73,277333.22,190529.06
326099.38,54999.53,216099.62,332839.38,52664.25,216099.62
441099.38,287747.16,304266.25,438346.16,289866.19,304266.25
387996.41,313679.66,140863.98,384239.25,313633.0,140863.98
160373.95,183441.78,282995.28,162062.08,174309.02,282995.28
228309.44,207533.52,275182.44,228969.23,201124.62,275182.44
294021.44,238287.25,180816.75,293385.66,234507.0,180816.75
200653.44,388641.19,302606.06,194021.88,380967.69,302606.06
480446.47,140723.58,246933.98,483598.62,144551.56,246933.98
432631.5,187886.39,233290.66,433918.0,189744.92,233290.66
373751.5,211742.89,288621.34,374122.62,211204.12,288621.34
253934.98,234597.34,303628.03,253480.91,229201.23,303628.03
469511.5,129854.73,260531.05,473111.5,133249.98,260531.05
208784.53,230090.61,240019.53,208549.3,222874.81,240019.53
411032.53,176934.73,129064.92,412778.97,177929.95,129064.92
282753.56,269259.16,156096.47,280876.19,264998.56,156096.47
686393.56,141289.48,277009.88,689354.81,153434.05,277009.88
529865.56,58891.52,192498.55,536282.12,64782.03,192498.55
538897.56,231209.84,313885.41,538347.75,237324.52,313885.41
357962.59,132875.16,240637.41,361531.59,131763.12,240637.41
300450.59,183781.58,286259.56,302010.72,180305.44,286259.56
365347.62,75907.79,139629.33,371211.19,75140.47,139629.33
316107.62,262181.06,187640.52,314488.88,259273.25,187640.52
366363.62,135178.62,220773.16,369832.78,134403.98,220773.16
275276.66,172335.89,155211.58,277319.56,167852.45,155211.58
514860.66,226649.55,236074.3,514514.66,231797.22,236074.3
340149.69,284976.66,305497.5,337590.72,283021.19,305497.5
628301.69,244981.97,321284.19,627122.81,254695.92,321284.19
262749.69,276249.41,172484.31,260606.31,271175.28,172484.31
419086.72,168554.89,113877.98,421164.97,169882.22,113877.98
419438.72,152682.11,158713.81,422157.72,154036.59,158713.81
492583.75,301681.56,176482.44,489225.81,305868.38,176482.44
508879.75,101005.77,250483.86,513612.69,106014.42,250483.86
286751.75,248321.89,294743.75,285716.62,244239.88,294743.75
275272.78,151435.02,169449.14,278159.75,146968.47,169449.14
264920.78,249388.45,138614.56,263860.38,244423.94,138614.56
648449.81,381969.38,257932.39,641722.31,392385.22,257932.39
694673.81,245819.05,321657.75,693407.0,258212.72,321657.75
487737.81,130879.09,143978.06,491281.56,135009.58,143978.06
123087.1,271668.72,206894.52,121242.66,260958.17,206894.52
518770.84,193174.23,262108.38,519773.53,198507.12,262108.38
334011.88,276447.34,127291.11,331802.38,274250.94,127291.11
466651.88,120092.8,123679.71,470648.44,123380.54,123679.71
437563.88,128442.23,174441.55,441247.0,130548.46,174441.55
422124.91,204783.62,150213.44,422737.59,206204.08,150213.44
412172.91,271209.94,218230.36,410111.16,272174.31,218230.36
210462.45,278323.91,230256.61,208277.95,271136.53,230256.61
236006.45,178363.0,275034.25,237837.98,172288.73,275034.25
522021.94,143165.22,279152.56,525041.56,148670.2,279152.56
300134.97,247453.56,300165.69,299124.03,243912.72,300165.69
315230.97,307925.94,194102.89,311765.56,304945.38,194102.89
240521.03,424031.88,607076.0,231032.16,597840.81,323044.34
255262.2,426134.59,606974.88,245818.33,598318.0,322003.81
268286.38,409140.59,624955.94,257844.06,618734.94,331321.81
269365.56,460141.25,615813.31,261378.94,595498.75,287913.56
271572.12,478785.22,617807.12,264430.62,591241.81,270044.81
271788.19,481419.94,591324.12,265218.38,565448.0,276230.44
274256.41,489931.91,587489.38,268148.41,559278.81,269578.81
276616.44,466155.38,574005.12,269632.56,553901.38,296073.12
279404.34,487332.12,570327.25,273458.28,544290.44,277637.69
280389.16,490724.75,569939.62,274604.94,542976.75,274631.38
284978.06,498168.91,630955.25,278560.5,596919.38,247658.97
284694.0,502793.31,624990.88,278608.12,589514.12,245192.11
287670.72,508182.94,624098.38,281867.94,586722.31,240370.14
291148.12,491515.88,556559.25,285639.69,529963.06,278417.31
291847.84,452495.31,548828.62,284618.19,535857.38,317197.31
293628.69,430870.12,777500.38,281585.5,757683.25,261514.06
298795.81,339265.75,975588.12,279076.62,974548.12,282196.0
295765.66,449517.0,546723.81,288426.81,534919.12,320830.38
294979.69,530700.12,612315.94,290429.34,569179.5,223000.33
298596.5,424551.81,738523.25,286890.34,723260.44,280676.34
296531.56,476921.94,765288.44,286882.69,731108.56,222382.88
301160.0,416439.12,660139.12,290357.12,652287.06,314676.25
298709.06,468027.84,808634.94,287911.69,774991.62,216381.5
303317.75,394831.31,657133.0,291586.25,655509.94,335621.81
301047.62,464053.56,819014.81,289885.59,786152.06,216746.41
304886.56,336796.75,950998.31,285452.34,953013.5,292407.41
304528.56,438666.75,720202.81,293783.25,701714.94,273825.12
303092.31,498756.88,756613.31,294579.78,716539.25,205542.5
304061.38,407237.38,935688.38,288243.69,915130.5,231327.88
304668.38,442527.31,689293.12,294619.34,671272.81,280577.0
307606.03,535703.44,582142.62,303617.12,543614.5,229664.28
306802.69,409549.75,717202.0,294705.75,708782.69,302384.03
307012.44,430356.06,647816.5,297061.91,636432.69,306013.34
307109.0,501880.69,809564.69,297880.03,765250.31,184832.19
309093.75,392200.69,938194.12,292506.16,923024.75,244625.03
308829.94,417652.56,940720.06,293428.97,916549.19,219825.28
310338.06,436633.28,651750.5,300620.56,638122.0,298886.0
311486.31,509782.81,815315.88,302523.12,768352.81,175780.92
311748.66,381375.25,734185.12,298067.12,733267.75,322991.94
311849.53,410479.88,927530.75,296317.72,906602.69,231177.22
311064.44,439542.91,955527.75,296454.09,923367.56,194481.03
310527.94,514506.69,775732.5,302401.25,730230.62,185096.34
313199.94,387809.25,736734.75,299742.88,734389.25,316473.06
315908.31,421697.44,990702.25,299836.81,962414.69,200328.75
312617.69,497024.25,833533.44,302811.12,788748.44,180815.12
317369.62,366858.78,931528.25,299644.12,925945.12,271295.75
315604.44,400107.47,656309.31,304066.5,654550.38,331898.91
315438.16,443415.75,946326.81,301170.09,913478.62,193883.94
319703.28,538087.81,591722.62,315752.59,549681.12,224243.16
321055.09,393673.56,582728.56,310526.94,585220.25,361989.81
318512.62,430639.69,913692.19,304165.56,887058.81,217095.53
318405.56,500968.25,648561.62,311826.94,613217.44,239783.5
320941.78,366126.44,896299.62,303845.34,891260.12,283248.56
319730.28,400636.69,644206.38,308377.75,643786.44,335954.0
318069.19,439270.81,655795.88,308402.31,641278.12,295335.03
320949.34,511378.69,829084.69,311879.0,780232.12,169300.0
322593.41,383080.59,908582.62,306041.72,898493.5,263762.97
319739.28,434609.66,913458.38,305584.25,885556.5,213485.84
325516.88,527883.0,568912.5,321393.34,533460.88,241761.34
324493.25,387322.62,594659.62,313477.38,598374.69,363904.16
324382.56,441671.34,908015.94,310649.5,878217.81,208845.17
323549.09,518515.09,847800.0,314538.84,795091.5,155989.22
325873.34,375035.78,662004.38,313046.81,668258.75,353817.91
326764.69,419406.78,552764.88,317842.44,550828.62,349107.62
325584.06,502639.53,730520.25,317701.62,690721.75,210994.03
333868.5,363982.0,756669.25,318922.31,761655.38,332955.47
327686.75,411257.25,781841.5,314567.09,769981.75,279973.66
329599.12,477090.44,666737.12,321552.31,639162.38,256487.27
331821.97,352075.69,728592.88,316936.5,735856.19,351977.56
330894.53,399384.31,858257.12,315951.19,845691.12,265619.25
331477.78,472924.69,542468.38,325278.94,523452.44,302364.0
330788.5,350877.81,935602.88,312227.03,935274.0,285387.0
332367.31,402177.0,787167.12,318719.28,778120.38,286963.0
335038.06,464945.56,990944.62,320995.34,949219.31,160260.28
336545.16,356497.31,675487.0,322767.03,684070.81,365556.81
336076.12,404850.72,848692.5,321543.38,835085.5,263896.0
332594.44,477115.47,664238.88,324590.59,636810.5,257378.47
335591.06,535036.62,780707.62,328263.72,730061.88,165857.12
336045.62,391456.28,835238.25,321103.0,826693.0,280953.25
337639.38,469420.41,930606.62,324848.94,890611.06,175563.38
336350.94,530509.25,617636.06,331656.94,575231.38,223132.11
338338.97,392075.94,818082.62,323703.0,810471.25,286249.66
337039.62,417728.81,1010197.31,320450.94,982683.94,197873.84
339816.56,524429.56,626543.19,334680.47,585738.38,226011.09
339678.5,387325.94,800415.75,325100.38,795573.81,296738.72
342153.81,456134.19,1008926.38,327366.5,969384.75,163176.75
344495.12,357503.59,667923.69,330836.75,677735.44,367854.12
342674.31,403872.69,553212.69,333097.47,554708.75,363053.31
342340.62,480511.78,960120.88,329578.56,914994.81,155510.75
347073.69,341387.44,716153.31,331940.94,726711.06,366026.44
343622.0,423032.41,1016032.62,327186.59,986729.12,190983.25
344646.62,524545.75,828895.38,336147.62,776888.25,158312.72
348666.5,383128.31,605286.0,337167.06,612131.56,365903.19
348062.06,475432.44,832337.12,337242.75,795289.81,202312.28
348460.0,355118.69,671179.12,334636.06,681578.25,369092.56
348119.12,425249.31,545912.31,339531.44,543594.75,347132.06
346328.44,529238.25,613681.5,341608.62,572675.75,226150.52
350046.19,374467.84,875966.75,333594.66,871290.88,283867.03
354348.19,474522.94,915984.56,342026.06,875577.62,176295.75
353286.44,368041.25,805477.56,337691.47,807093.94,313652.22
354714.91,456866.91,825711.12,343062.66,796127.12,222893.88
358609.81,347244.12,687449.5,344122.22,699951.12,371496.44
354407.81,420688.0,836920.56,340799.31,819373.0,253706.16
355095.97,485978.0,989232.75,341999.41,941960.19,142819.25
355936.12,357503.97,1024399.0,336198.06,1017050.0,250553.23
357738.28,412045.0,397586.94,353171.84,424224.72,341302.25
358025.84,474486.88,1008392.5,344051.34,963872.31,147571.53
359029.62,355761.91,996840.94,339634.75,992691.75,261454.86
360558.56,390019.25,991308.25,342940.84,974966.25,230793.3
358888.47,435245.53,824517.25,346181.12,802867.62,244286.19
359976.25,493642.09,958433.25,347813.88,909959.06,144962.81
361047.81,358591.38,990752.75,341881.72,986149.12,260972.55
364297.5,394191.91,413783.94,359128.41,423169.81,357577.44
360538.0,440039.81,839742.56,347810.31,815593.19,234682.06
359764.31,494355.47,663475.94,352552.72,631412.56,242567.19
364545.81,360578.91,907123.62,346891.09,905830.44,287115.81
363637.0,410280.94,378346.22,359686.34,415103.72,333233.16
365513.81,443896.94,556044.88,357641.75,547018.88,326887.16
362280.56,515981.47,590684.25,357321.56,555202.38,246674.83
365765.94,362908.38,1042804.5,345963.81,1032924.0,239801.83
366733.44,407276.81,570990.62,356898.28,572809.06,355889.94
364955.81,461606.81,1021908.31,350175.34,980622.69,154762.17
367549.75,337024.25,720641.31,352003.06,735136.38,370410.47
367985.62,398328.19,449314.0,361515.72,450614.44,368611.81
367924.28,463251.09,861377.62,355960.0,828153.88,205603.22
370430.44,332253.06,1006082.5,349808.72,1008357.25,280286.66
368474.0,370954.25,953995.69,350510.56,947128.69,262031.41
372724.03,436842.16,561163.12,364439.62,554584.94,331486.53
369439.12,493744.62,969913.75,357115.72,920557.31,140865.66
372827.38,355681.16,1050818.5,352537.25,1042853.0,244418.92
372333.88,387710.09,983997.12,354699.44,969357.31,236080.62
372487.34,456130.97,555310.56,365222.19,542044.0,315763.44
372375.22,337345.44,983073.25,352324.56,985863.88,283907.03
373843.78,385806.44,619967.88,362125.75,627365.19,360064.5
374438.16,455499.97,1021914.5,359427.0,982405.12,159470.19
373307.69,526092.62,762402.5,365956.97,714480.62,180124.75
373829.88,357117.19,963034.38,355026.69,960904.5,272400.19
377794.84,402701.44,586456.38,367460.0,589711.5,355358.06
374552.12,459624.53,812407.12,363211.38,783494.31,225767.55
374635.44,526505.62,776689.62,367057.97,727986.38,175099.58
376136.69,358296.62,818772.5,359830.5,823524.12,319221.75
379316.5,399151.81,469131.19,372075.59,468274.47,374335.03
377448.75,445200.88,512131.44,370252.75,507275.38,341967.47
380597.25,498191.75,574179.75,375029.78,546421.25,269653.25
379427.88,355195.72,669634.94,365495.56,683010.06,371688.88
380580.0,404206.06,486621.06,372774.78,485829.25,374596.12
379176.56,467895.47,854660.12,367535.31,820564.69,203877.39
380102.53,337088.19,971673.19,360220.53,975314.88,288330.94
384861.12,383189.31,629155.38,372857.12,637150.75,359823.0
381094.44,433870.38,561110.0,372649.59,555779.31,334856.25
381676.31,498662.0,636191.88,375120.0,604331.81,248373.17
385625.06,356630.12,822626.88,369173.88,827810.94,319765.31
386018.34,408960.16,578781.19,376099.41,580646.38,352366.5
384165.41,475051.25,898190.12,372119.28,859649.25,183024.0
386742.38,343423.12,935065.88,367801.94,938117.62,294497.88
385538.97,399906.28,966788.38,368758.44,949438.81,230864.5
385198.0,460627.81,795673.0,374159.0,767884.0,230969.62
385970.88,516550.03,779906.0,377868.22,734370.75,183626.97
386574.31,389862.91,953206.25,369510.41,940491.38,245205.64
387813.31,430709.38,562424.94,379187.31,558271.88,337656.31
390099.5,474808.75,552488.88,383757.03,534216.38,299289.41
391075.81,340183.0,925118.19,372177.16,929248.38,300672.09
388652.91,390357.84,617869.75,377172.66,624274.56,357010.0
387879.69,449758.12,494278.62,381176.38,493365.56,340980.88
390842.25,501857.25,615568.56,384780.66,583800.44,252587.58
392887.94,357746.59,771962.5,377242.0,781427.81,336738.19
392091.75,405232.06,959489.19,375671.53,941099.38,228642.25
392373.81,456018.12,789990.75,381193.81,764387.94,237557.17
392940.94,484681.56,951075.81,380483.53,906368.56,156353.25
393977.56,338227.53,724623.38,378253.53,741962.81,370289.22
394432.03,393850.59,969188.0,377292.38,954319.94,236320.72
395543.34,422833.06,790105.5,382752.19,776018.44,269051.62
393382.06,467591.62,669262.38,384745.81,646949.25,267217.28
394814.62,489621.5,777625.25,385450.38,741486.62,210087.09
396391.56,330575.56,1051809.25,374853.19,1053467.75,268222.69
396099.41,374939.69,788209.0,381030.84,790555.69,314965.03
396799.12,420140.19,798590.12,383749.31,784699.88,268686.72
397946.81,471534.19,875456.19,386096.5,839759.06,194424.16
395915.44,495888.44,693487.62,388237.75,660254.88,232455.86
399657.47,337111.44,935014.5,380453.12,939557.38,300431.56
401013.16,380971.78,637224.25,388752.34,645938.69,359807.88
399020.19,417467.0,1031851.56,381989.16,1005479.81,192834.44
399705.41,436571.5,418646.44,394624.66,447109.88,337360.28
399992.62,481899.31,566778.38,393767.69,544890.69,288110.09
402804.19,328418.75,1018622.25,381769.66,1022385.38,280549.97
399677.88,383344.41,665864.38,387008.97,673046.38,348404.03
398526.69,422241.66,790702.81,385692.81,776885.81,269535.66
399366.69,433358.31,559888.62,390894.0,555292.62,336540.97
399306.75,479744.25,920810.88,387106.16,879679.19,171406.77
400395.0,329449.88,1053202.5,378779.69,1055177.25,268929.34
403613.78,377368.56,653947.56,390908.53,662829.69,357615.31
402535.22,421363.44,529182.75,393999.78,528960.69,359274.28
403458.19,437728.94,440339.38,397761.78,458880.78,343621.12
402154.69,487372.0,781801.62,392602.31,746430.0,211123.78
405980.62,339673.38,725449.31,390305.91,742466.5,369030.5
406496.03,380154.72,636644.88,394200.56,645800.56,360970.38
403076.19,423141.75,934427.75,387917.88,911797.44,220550.83
402849.91,443914.75,786687.38,391125.06,765785.44,250538.56
405321.19,476692.69,806012.38,394846.81,773010.0,213266.44
405548.22,337317.25,363175.19,402943.75,351924.31,351093.78
404149.88,391635.25,360790.75,400822.69,397165.56,333139.94
406889.56,435216.34,783981.5,394773.91,766554.06,259925.81
407159.81,472335.59,972453.44,393751.0,930955.88,161188.17
409013.5,331050.75,984342.94,388618.75,989722.12,290701.16
409605.25,374174.38,392709.38,405245.41,399048.56,357889.81
405963.91,432355.31,928504.25,391352.78,903053.0,213815.72
406426.41,481505.81,926312.75,394218.25,884390.38,168063.02
414557.81,345105.69,378397.31,411155.28,367641.69,358977.31
409113.81,385234.19,1070906.25,389743.94,1052096.25,214967.33
411691.0,436794.28,455263.5,405538.25,467825.31,348264.06
410935.94,474355.06,868986.62,399315.09,833071.12,194395.41
410665.22,334772.0,1038423.62,389560.09,1039788.25,268678.03
412731.94,374165.94,362673.0,409504.53,384595.97,340944.09
415619.25,429209.06,419132.94,410421.38,444968.59,342545.94
412653.69,476132.69,849033.62,401447.56,813709.94,199452.66
415325.19,344627.22,947223.69,396189.56,950313.88,290606.75
413427.88,415986.41,376944.06,409477.81,419465.31,331347.0
417062.84,464503.28,549172.0,410238.88,535242.44,311503.81
416177.5,339760.88,367919.25,413312.25,357129.22,353863.84
414643.31,364883.0,834643.25,398317.94,837914.56,309452.91
415562.38,438723.97,556454.38,407363.81,550863.19,333684.0
416792.25,499098.66,645395.5,410058.12,614011.44,246266.92
420038.5,360456.19,827333.31,403656.66,831902.31,315860.19
419221.69,414087.22,997472.38,402594.53,974658.31,207924.97
421101.44,471270.69,550116.88,414585.12,534067.31,304802.69
420505.62,341551.66,993189.12,400425.5,995731.06,278325.94
420032.25,380262.56,1069683.0,400456.19,1052667.0,220072.7
422373.41,438070.88,529422.88,414543.31,526147.5,344353.12
421892.06,498995.88,694917.38,414305.41,661383.88,230097.72
423360.62,357074.97,670671.62,409429.34,685049.12,371458.03
425275.09,410368.16,570230.19,415495.78,573763.75,355614.5
423481.69,460848.22,815765.06,412066.62,788020.44,225613.72
423543.44,342721.19,960484.75,404090.44,963624.19,288249.28
423693.75,396796.44,950685.81,406967.0,936749.81,240884.48
422918.72,451844.19,546271.75,415514.47,537009.62,324934.91
423191.88,514873.62,727027.38,415830.31,686425.88,204439.27
426724.69,361666.97,1065963.5,406387.25,1054662.25,237922.56
427330.0,415805.69,1009835.75,410574.44,985977.94,202382.59
426910.06,477856.88,892147.75,415048.62,854293.31,184026.36
429577.19,342844.19,965706.0,410041.81,968590.5,286555.16
430752.88,370958.25,653043.75,417722.94,664920.88,365023.75
427416.62,432125.88,818593.12,414567.72,800540.5,251943.97
428635.75,497490.81,652100.38,421696.72,621285.62,246011.73
430620.44,354603.25,907321.62,412607.69,909796.06,295129.69
431738.06,404867.72,995647.62,414679.72,976464.44,217776.69
432340.94,469712.91,814192.88,421367.0,783825.94,218112.8
433125.66,347867.0,697089.12,418277.91,713852.5,371897.62
433863.75,400633.88,970549.0,417007.84,954155.5,230564.33
432820.91,454942.06,817770.62,421079.56,792153.44,230852.69
434313.03,345614.03,986158.75,414554.56,987445.38,277272.81
437539.44,390375.38,1052545.5,418774.91,1034938.44,214315.83
434892.5,453983.53,815418.06,423142.97,790301.0,232607.84
435311.25,526446.75,606196.88,430379.94,571353.62,235434.47
436942.41,371997.25,646804.5,424077.5,658509.31,366180.69
438714.0,434220.75,1005163.62,422917.94,975409.5,186968.84
439681.38,526115.56,741793.62,432605.53,696895.94,189390.08
439808.25,376681.06,1049939.75,420447.69,1037243.56,227599.88
438261.69,450848.03,1012016.88,423111.03,976484.56,169795.72
437695.91,543141.75,773225.5,430891.91,721186.56,163045.88
439507.0,380768.0,968229.44,421691.5,959443.88,250754.98
441250.62,452310.09,837729.19,429040.06,812141.44,226999.59
442511.5,529242.0,824297.12,434237.69,773276.0,158686.44
442737.19,381365.28,941487.25,425386.5,934150.62,259337.31
442664.38,462955.66,860483.75,430590.56,829984.56,209330.16
444805.66,357712.56,988448.12,425555.56,986214.12,265758.62
443649.53,405181.16,1038284.5,425836.12,1016959.38,204864.25
446997.5,489457.62,544242.12,441392.38,524061.69,290630.06
447197.44,360768.88,998337.25,427933.12,994409.75,259644.47
447370.38,387045.06,1005979.69,429241.59,992882.19,232195.03
448515.06,481416.62,902006.81,436627.91,863167.75,178283.0
448834.06,369519.25,1030717.62,429457.75,1021846.94,240595.83
449141.88,410137.78,533692.62,440012.47,538670.62,368025.69
449877.44,494211.03,828448.25,439814.78,789672.31,190995.75
454396.5,377769.66,635140.38,441956.59,646583.06,365546.0
449329.81,448246.94,1011978.38,434029.12,977735.31,172943.66
453737.75,529020.62,601298.25,448981.91,566457.06,235513.98
451830.22,384804.75,1023874.62,433284.28,1010573.75,228733.14
451167.19,451293.59,856198.0,438589.69,830194.0,222157.89
455429.06,539081.69,823670.62,447572.16,770578.62,150732.34
457091.47,416552.75,818764.44,443460.94,806770.62,267665.03
454683.44,494741.78,938611.5,442813.72,893551.88,153758.19
458182.28,385450.59,837540.56,442769.56,834543.69,290510.59
461152.19,476149.56,534846.56,455048.41,519949.28,306968.69
457593.56,540227.5,821352.5,449810.81,768347.06,150713.88
459446.12,392897.06,818821.12,444692.38,814560.75,289883.06
461391.88,490298.69,539148.62,455877.69,519998.22,292046.91
466210.88,362920.0,697830.69,452094.44,709289.69,358147.56
463945.12,414474.25,998852.0,447234.19,977226.0,209438.19
460695.12,493984.5,944788.75,448678.19,899800.94,152675.64
463816.06,386356.88,617575.88,452093.12,626912.06,363469.09
465762.78,436341.75,805717.25,453287.19,788100.81,253704.58
463215.03,534214.5,750899.06,456338.72,703633.75,179728.22
465841.59,393571.56,878718.75,450110.62,871151.75,269536.47
465342.19,470297.62,899184.31,452958.69,864631.06,190194.88
469027.53,364657.72,725856.25,454465.0,736403.06,347833.62
468967.88,411678.44,557723.0,459412.81,562649.5,360250.97
468475.28,475418.16,831428.31,457440.78,799337.06,208417.66
465659.44,542551.69,835864.62,457670.75,782522.69,144846.28
469532.38,413481.5,559182.56,460023.62,563635.88,358312.06
470446.69,482884.81,686454.75,462163.16,660377.56,250075.48
470931.91,382579.62,914774.0,454065.38,909078.06,268065.31
474399.06,419393.0,864937.5,460117.31,849877.69,250218.61
473912.34,488043.22,537211.69,468307.88,519430.5,295187.38
474843.53,392484.16,622193.62,463313.62,629744.5,356687.12
475400.06,460819.78,527936.5,468695.0,518558.84,323726.75
478296.5,382490.0,883883.31,461973.5,879400.5,278298.81
475430.62,437846.25,659384.0,465390.16,650947.75,302143.66
476708.34,530777.38,853676.38,467749.12,804951.44,151787.06
475447.69,401786.75,849842.69,460579.25,841433.19,271817.78
477901.12,457600.97,527143.88,471066.91,519023.69,326697.44
478487.19,527997.38,597813.0,473787.56,562498.69,238061.92
479030.16,402466.53,654869.38,467377.38,658395.06,337025.34
481412.81,460590.22,888728.12,468696.09,858782.56,203804.39
485860.44,376096.31,903421.12,468892.16,900308.81,278126.91
481852.69,410667.75,743885.31,469122.88,739481.94,299505.41
481296.62,469523.62,712944.31,471928.09,690054.0,254108.28
481419.69,386900.78,743026.0,467597.12,746006.5,321873.19
484447.62,413894.78,878860.12,469671.22,864979.88,250965.88
483073.09,464440.44,906416.62,470253.78,874139.75,194174.91
485072.62,379847.75,712125.88,471435.94,719043.62,338847.88
485997.5,409892.0,720013.62,473629.31,717198.94,308317.56
485625.94,457812.0,896536.5,472643.75,867172.69,203939.59
486648.94,387356.59,711758.12,473352.03,716694.94,332196.06
488433.31,414118.94,714332.62,476362.5,710427.94,306298.34
486531.19,446819.66,986965.25,471506.84,956035.5,184515.19
488490.38,473032.38,531976.31,482280.56,519643.0,310777.41
491601.62,400583.81,927322.38,475380.41,915331.0,247440.44
490769.28,423614.75,720712.31,479053.78,713158.38,295218.94
491947.88,457302.31,641960.0,483151.69,627564.25,289946.62
490583.19,525188.12,578135.94,486103.34,544503.69,247285.91
489425.81,421853.69,707292.25,477836.28,701322.44,301454.62
490193.69,459928.5,661583.62,481199.22,645244.94,280764.94
496368.47,396604.16,918170.75,480105.62,908137.56,254396.05
492984.31,431660.44,903539.75,478644.16,882538.31,226191.72
494986.5,504237.5,551023.5,489919.44,527121.62,276151.66
495404.19,413886.31,676629.81,483983.81,674287.5,318985.72
496208.97,445727.91,903682.12,482516.62,878284.5,213336.02
495409.75,525990.38,580883.88,490927.5,546733.62,245721.42
498083.81,433199.12,964311.31,482779.31,939616.62,205088.14
502175.59,469825.31,536046.38,495778.38,524578.5,312009.25
502970.41,378887.19,940418.0,485441.06,935909.12,264396.78
501537.44,436033.56,658706.31,491444.88,650643.69,304549.69
503643.19,485921.22,545100.0,497823.31,527776.56,294920.88
501205.78,425715.38,942444.75,485919.19,921523.5,219198.97
502715.88,442910.31,909658.94,488772.12,885164.12,214397.03
504313.12,495322.34,551442.12,498833.56,530131.81,284465.59
502488.19,430537.88,942374.88,487428.69,919908.88,214796.12
502369.5,526134.88,605055.62,497361.75,572410.69,238693.66
506977.16,514404.31,609720.31,501409.12,578975.0,247747.16
507860.62,514439.69,568354.44,502969.94,540453.12,261459.27
514281.25,342208.06,966578.88,494648.44,970959.44,289869.91
512318.66,509237.97,604379.25,506610.62,575356.5,254347.98
513486.41,491928.5,625000.88,506581.75,600817.44,264253.25
515369.44,498131.84,616555.25,508907.78,590803.56,261132.09
518867.69,501321.94,571243.25,513308.97,547397.94,273136.91
522525.88,340470.31,964108.88,502902.88,968068.38,292199.41
520810.75,498725.97,578987.69,515010.0,555273.81,273017.34
525885.25,404232.25,925072.88,509832.22,912839.75,246295.36
525329.56,490526.56,592565.81,518916.06,570708.88,276301.62
533304.38,436618.62,628026.75,523806.06,620593.12,314592.91
538830.44,443570.25,643505.88,529311.88,634781.62,303941.47
