x_mcns,y_mcns,z_mcns,x_banc,y_banc,z_banc
65319,208146,279817,118834,142836,145730
65319,208146,309817,122311,171460,152858
65319,238146,279817,118903,156510,124176
65319,238146,309817,122146,183473,132195
65319,268146,279817,115745,167695,104015
65319,268146,309817,117969,194989,113365
65319,298146,279817,110593,175930,83740
65319,298146,309817,112546,203572,93364
65319,328146,309817,106475,209298,71489
95319,178146,279817,150987,129900,166960
95319,178146,309817,155294,161136,177115
95319,208146,249817,143088,110253,137420
95319,208146,279817,149543,139515,145936
95319,208146,309817,154134,170938,156321
95319,238146,249817,141416,123007,114592
95319,238146,279817,148914,152049,124322
95319,238146,309817,152345,183138,135009
95319,268146,249817,137262,133120,92326
95319,268146,279817,144249,163783,103864
95319,268146,309817,148278,194701,114562
95319,298146,249817,132034,143390,71418
95319,298146,279817,138081,173384,83315
95319,298146,309817,140694,202430,93159
95319,328146,249817,125063,151372,48788
95319,328146,279817,130506,180034,61710
95319,328146,309817,131989,207432,71743
95319,358146,279817,120905,184124,39220
95319,358146,309817,120511,211486,48147
125319,148146,249817,189992,101456,181284
125319,148146,279817,192689,128139,188858
125319,178146,249817,185545,106308,158535
125319,178146,279817,190767,133418,167896
125319,178146,309817,189473,163454,180501
125319,208146,219817,175836,92110,128541
125319,208146,249817,180837,115523,136860
125319,208146,279817,185733,142106,146163
125319,238146,219817,169622,102113,105905
125319,238146,249817,175535,127735,115130
125319,238146,279817,180593,154596,124580
125319,238146,309817,180226,183237,137091
125319,268146,219817,162760,110191,82553
125319,268146,249817,167839,136385,93408
125319,268146,279817,172949,164812,104883
125319,298146,219817,154646,117684,60434
125319,298146,249817,157676,143919,71947
125319,298146,279817,163443,172929,84060
125319,298146,309817,165414,202900,93571
125319,328146,249817,150350,151134,50929
125319,328146,279817,155023,178092,63631
125319,328146,309817,155878,206286,72954
125319,358146,249817,142818,158939,31286
125319,358146,279817,145306,183333,42831
125319,358146,309817,146558,208363,51922
125319,388146,279817,137999,188063,22919
125319,388146,309817,138444,211736,30616
155319,148146,249817,232939,109007,187534
155319,148146,279817,233394,137267,195073
155319,178146,219817,225829,90116,155413
155319,178146,249817,229510,114821,163896
155319,178146,279817,230747,141753,172927
155319,178146,309817,224559,167293,183358
155319,208146,219817,220456,100857,132180
155319,208146,249817,221572,126700,141518
155319,208146,279817,221884,151450,151661
155319,208146,309817,217730,176521,163092
155319,238146,219817,212402,113349,109504
155319,238146,249817,212952,140269,118683
155319,238146,279817,214106,164346,129757
155319,238146,309817,211771,189148,139770
155319,268146,189817,203694,99584,78175
155319,268146,219817,201738,122357,87772
155319,268146,249817,200184,148544,97259
155319,268146,309817,203577,198931,116459
155319,298146,219817,190083,127804,66298
155319,298146,249817,190286,153564,78505
155319,298146,309817,192832,204322,95318
155319,328146,219817,180122,135591,45926
155319,328146,249817,180383,157114,57026
155319,328146,279817,182627,181301,70228
155319,358146,249817,171396,163209,36690
155319,358146,279817,173702,185268,48847
155319,358146,309817,174498,208799,56582
155319,388146,249817,164787,171149,16919
155319,388146,279817,166121,190756,27186
155319,388146,309817,167506,211486,35552
185319,178146,249817,265157,126598,165095
185319,178146,279817,259475,155974,172852
185319,178146,309817,253609,187495,183004
185319,208146,249817,258203,139095,141503
185319,208146,279817,251044,164961,151943
185319,208146,309817,245774,192876,162466
185319,238146,249817,250928,152514,119677
185319,238146,279817,242326,175831,130620
185319,238146,309817,240894,200972,140405
185319,268146,219817,245853,136184,88891
185319,268146,249817,241340,159723,99538
185319,268146,279817,235688,185673,110761
185319,298146,189817,233739,119887,60747
185319,298146,219817,233042,141329,69537
185319,298146,249817,229537,165132,80938
185319,298146,279817,227187,189959,91409
185319,298146,309817,226985,212685,97436
185319,328146,219817,217366,146177,50958
185319,328146,249817,216942,168897,62824
185319,328146,309817,216136,213644,77320
185319,358146,219817,203643,152374,31308
185319,358146,249817,202860,173723,41126
185319,358146,279817,204545,194294,51831
185319,388146,249817,195165,181140,20374
185319,388146,279817,196423,200343,27982
185319,388146,309817,197082,217657,34255
215319,88146,219817,291504,108498,223692
215319,88146,249817,297814,135952,229807
215319,118146,189817,292638,86421,196804
215319,118146,219817,293208,111426,199925
215319,118146,249817,295577,142224,207297
215319,148146,219817,295821,117956,177439
215319,148146,249817,294861,146101,181273
215319,178146,159817,308608,81149,150042
215319,178146,189817,302906,104496,154538
215319,178146,219817,295544,126007,157077
215319,178146,279817,288156,176095,167224
215319,178146,309817,284612,202078,178552
215319,208146,159817,306539,96188,123430
215319,208146,189817,303064,118922,129249
215319,208146,219817,295266,139301,134140
215319,208146,249817,287732,158097,138721
215319,208146,279817,280353,178532,146055
215319,208146,309817,277270,203128,158546
215319,238146,159817,302174,105374,98699
215319,238146,189817,298210,128599,105233
215319,238146,219817,290809,148330,110274
215319,238146,249817,283148,167527,117329
215319,238146,279817,275574,185994,125589
215319,238146,309817,270991,211675,137854
215319,268146,219817,285588,152684,89562
215319,268146,249817,277697,173806,97689
215319,268146,279817,271069,194118,107280
215319,268146,309817,267056,218034,118078
215319,298146,249817,269047,176621,80458
215319,298146,279817,263676,200311,88874
215319,328146,249817,253768,181245,58966
215319,328146,279817,251786,203395,67520
215319,328146,309817,250265,223864,73821
215319,358146,249817,235959,185485,39155
215319,358146,279817,237820,207370,45718
215319,358146,309817,239398,226693,53487
245319,88146,189817,320136,94247,224908
245319,88146,219817,323543,115683,227825
245319,88146,249817,328017,142379,230932
245319,118146,159817,335491,81946,194158
245319,118146,189817,327270,101187,197751
245319,118146,219817,328705,123951,204368
245319,118146,249817,331779,150501,208205
245319,148146,159817,339932,87708,172814
245319,148146,189817,332709,108934,175706
245319,148146,219817,329467,130739,179973
245319,148146,249817,328303,157623,182788
245319,148146,279817,325304,187220,189625
245319,178146,159817,340947,92349,150167
245319,178146,189817,333328,116084,154492
245319,178146,219817,330870,139335,156211
245319,178146,249817,323584,163301,159180
245319,178146,279817,318959,190640,166634
245319,208146,159817,339583,105636,124269
245319,208146,189817,336507,129800,129093
245319,208146,219817,329532,149384,133096
245319,238146,159817,337051,112594,98201
245319,238146,189817,334737,137797,105185
245319,238146,219817,323680,161087,109482
245319,238146,309817,307099,217231,137864
245319,268146,159817,333078,120705,73488
245319,268146,189817,329558,145639,82667
245319,268146,279817,305845,202368,105850
245319,268146,309817,302377,223037,117008
245319,298146,249817,300897,190386,77494
245319,298146,279817,297080,208433,85397
245319,298146,309817,293015,229218,94683
245319,328146,249817,291420,194996,56372
245319,328146,279817,287342,215559,64174
245319,328146,309817,283331,234661,73324
275319,58146,189817,349490,96749,252428
275319,58146,219817,352125,116032,255609
275319,88146,189817,358584,104475,224055
275319,88146,219817,356790,123848,229839
275319,88146,249817,357890,148626,234114
275319,118146,159817,371135,91514,194024
275319,118146,189817,367159,108372,198819
275319,118146,219817,361189,129836,206577
275319,118146,249817,360288,157047,212538
275319,148146,159817,367508,96962,174086
275319,148146,189817,362835,113748,178463
275319,148146,219817,361585,135282,183613
275319,148146,249817,359161,162804,188091
275319,148146,279817,353992,191058,191607
275319,178146,159817,368198,99257,152039
275319,178146,189817,361283,122433,154634
275319,178146,219817,361437,145001,157777
275319,178146,249817,356617,170003,164682
275319,208146,159817,369784,109244,125946
275319,208146,189817,367352,131536,131148
275319,208146,219817,360995,153708,135969
275319,208146,249817,352435,177797,141718
275319,208146,279817,344541,202489,151307
275319,238146,159817,372052,115137,101770
275319,238146,189817,365380,140442,108142
275319,238146,219817,356086,164020,113044
275319,238146,249817,347232,189256,120199
275319,238146,279817,341005,211504,128317
275319,268146,189817,360823,149872,87946
275319,268146,219817,354001,173418,93572
275319,268146,249817,343689,199111,98156
275319,298146,189817,355528,158682,67276
275319,298146,219817,348752,181149,73839
275319,298146,279817,331124,220133,88367
305319,58146,189817,385109,106129,252016
305319,58146,219817,385406,127009,258505
305319,88146,159817,393240,89088,214390
305319,88146,189817,390620,110889,223902
305319,88146,219817,388931,131581,232634
305319,88146,249817,388854,157049,238730
305319,118146,129817,398197,75868,188400
305319,118146,159817,394163,94000,191013
305319,118146,189817,393410,114499,200868
305319,118146,219817,391226,135376,209926
305319,118146,249817,389604,161339,215673
305319,118146,279817,386038,192486,218453
305319,148146,129817,402977,76688,162394
305319,148146,189817,393663,116886,180207
305319,148146,219817,390220,138391,184790
305319,148146,249817,386564,165742,191952
305319,178146,159817,396436,104318,152712
305319,178146,189817,394711,126715,152290
305319,178146,219817,390227,146717,160036
305319,178146,249817,384984,171254,167641
305319,178146,279817,380487,199457,176078
305319,208146,99817,414701,62434,114753
305319,208146,129817,404344,85546,125115
305319,208146,159817,398298,112493,130676
305319,208146,189817,393694,138012,135389
305319,208146,249817,383366,180700,145672
305319,208146,279817,378450,203979,153564
305319,238146,99817,416578,68587,94933
305319,238146,129817,407492,91662,104157
305319,238146,159817,400856,116385,108305
305319,238146,189817,394818,144325,112653
305319,238146,249817,383521,191955,126641
305319,238146,279817,379197,215294,135572
305319,268146,189817,391742,150086,90911
305319,268146,219817,386970,176090,97477
305319,268146,249817,382206,202383,104999
305319,268146,279817,377419,226891,116321
305319,298146,189817,389444,161255,71382
305319,298146,219817,383935,185714,79713
305319,298146,249817,380230,211314,87779
305319,298146,279817,374778,233665,97854
305319,328146,219817,383019,196725,62269
305319,328146,249817,377905,218738,72233
335319,58146,189817,421456,112591,255960
335319,88146,129817,438564,75290,212896
335319,88146,159817,433410,94202,220299
335319,88146,189817,424889,116283,229801
335319,88146,219817,422899,138849,236941
335319,118146,129817,438081,76894,189665
335319,118146,159817,430891,100414,196672
335319,118146,189817,425550,120554,205356
335319,118146,219817,423483,142921,214175
335319,148146,129817,435346,82140,163556
335319,148146,159817,428814,105258,174060
335319,148146,189817,423742,125484,182069
335319,148146,219817,423123,144792,188760
335319,148146,249817,418839,171460,196379
335319,178146,129817,434861,84833,143104
335319,178146,159817,429476,111263,152598
335319,178146,189817,424326,133272,159616
335319,178146,219817,421773,149350,164882
335319,178146,249817,416171,176507,172950
335319,178146,279817,412301,204683,183525
335319,208146,99817,444916,63334,119693
335319,208146,129817,439650,88387,126272
335319,208146,159817,432817,115487,131605
335319,208146,189817,426914,140827,139482
335319,208146,249817,415663,183841,151410
335319,208146,279817,413226,209889,160771
335319,238146,99817,446892,72554,97947
335319,238146,129817,443272,97206,106245
335319,238146,159817,434640,121042,110881
335319,238146,189817,426428,145396,115873
335319,238146,219817,420508,170882,122686
335319,238146,249817,416490,194120,130623
335319,238146,279817,414434,219029,140323
335319,268146,129817,442686,109791,80701
335319,268146,159817,433405,129312,84366
335319,268146,219817,419415,178548,101488
335319,268146,249817,417488,203646,111563
335319,268146,279817,414196,229263,124117
335319,298146,159817,428940,144085,57534
335319,298146,189817,422554,163017,72129
335319,298146,219817,418752,187100,82840
335319,298146,249817,416343,212726,94620
335319,298146,279817,412526,238121,106431
335319,328146,159817,426447,158987,35856
335319,328146,189817,419250,178002,53364
335319,328146,219817,415468,201095,66140
335319,328146,249817,412275,224368,79004
335319,328146,279817,409209,247513,89419
335319,358146,189817,413214,191477,33713
335319,358146,219817,409530,213827,49376
335319,358146,249817,406238,235633,61592
365319,88146,129817,472840,69778,219321
365319,88146,159817,468847,94440,226306
365319,88146,189817,461572,117792,235046
365319,118146,99817,471927,41954,190096
365319,118146,129817,470598,73197,193599
365319,118146,159817,466095,101934,200016
365319,118146,189817,460623,123215,209805
365319,118146,219817,458345,146659,217686
365319,118146,249817,457736,169784,224765
365319,148146,129817,468036,77062,170873
365319,148146,159817,463407,109081,178113
365319,148146,189817,459963,130621,185580
365319,148146,249817,455009,172899,198751
365319,178146,159817,462809,113028,154237
365319,178146,189817,458975,135331,161253
365319,178146,219817,456509,155921,168124
365319,178146,249817,452292,178534,174539
365319,178146,279817,449800,206876,185031
365319,208146,129817,470554,91690,127677
365319,208146,189817,458222,140781,141634
365319,208146,249817,452389,187825,153168
365319,208146,279817,450218,214237,161534
365319,238146,129817,470822,99948,105613
365319,238146,159817,462844,123511,109392
365319,238146,189817,456208,147114,116199
365319,238146,219817,453426,172602,124855
365319,238146,249817,452390,197067,132404
365319,238146,279817,450333,223034,141771
365319,268146,159817,459359,132457,83490
365319,268146,189817,454128,154370,91114
365319,268146,219817,450889,180115,101885
365319,268146,249817,449834,206572,113966
365319,298146,129817,466578,130025,50346
365319,298146,159817,459019,148692,58406
365319,298146,189817,452452,167410,72248
365319,298146,219817,452097,190751,82720
365319,298146,249817,449550,216393,96412
365319,298146,279817,448499,240455,107851
365319,298146,309817,446876,263155,118314
365319,328146,129817,464691,143638,24164
365319,328146,159817,457134,163725,37017
365319,328146,189817,451758,181784,53952
365319,328146,219817,449418,203915,67712
365319,328146,249817,447398,227852,81469
365319,328146,279817,445590,253137,92819
365319,328146,309817,445852,275418,104450
365319,358146,189817,449896,197923,32723
365319,358146,219817,447568,217636,51076
365319,358146,249817,443740,241132,65561
395319,88146,129817,494838,71509,222668
395319,88146,159817,495554,96363,231014
395319,88146,189817,497010,117885,238643
395319,118146,129817,496265,74512,195677
395319,118146,159817,495692,102056,202722
395319,118146,189817,496021,123796,212546
395319,118146,219817,495179,147426,221274
395319,148146,159817,494057,109255,181892
395319,148146,189817,493045,131499,186037
395319,148146,219817,494704,154614,192535
395319,148146,249817,492591,177266,198780
395319,178146,159817,493161,114973,156341
395319,178146,189817,490676,136906,162841
395319,178146,249817,490562,183424,174086
395319,208146,189817,491350,144507,142604
395319,208146,249817,489638,190544,152417
395319,298146,159817,496234,153952,54577
395319,298146,189817,490397,172538,65971
395319,298146,219817,485354,195406,77909
395319,298146,249817,486079,221058,90800
395319,298146,279817,485974,245126,103297
395319,328146,159817,493152,167434,34031
395319,328146,189817,487474,186316,50257
395319,328146,219817,484113,208645,63225
395319,328146,249817,484634,233742,78055
395319,328146,279817,484980,257041,89652
395319,358146,189817,487001,200200,30438
395319,358146,219817,484997,222339,47213
425319,58146,159817,533705,92597,251344
425319,58146,189817,534309,115353,257839
425319,88146,129817,530055,71809,222591
425319,88146,159817,528710,94139,225405
425319,88146,189817,531210,118105,232187
425319,88146,219817,533775,140433,240030
425319,118146,99817,535260,51971,195554
425319,118146,129817,529801,78099,202216
425319,118146,159817,528858,101428,203689
425319,118146,189817,530660,123086,207870
425319,118146,219817,530690,145392,213743
425319,118146,249817,530779,171040,218068
425319,148146,99817,537575,57123,171291
425319,148146,129817,529890,85389,177958
425319,148146,189817,528105,129781,182051
425319,148146,249817,529260,174298,194618
425319,178146,129817,530869,90854,149833
425319,178146,159817,524092,116247,155118
425319,178146,219817,523878,153693,165940
425319,178146,249817,526624,179111,171696
425319,178146,279817,528461,209499,181536
425319,208146,99817,546107,74688,117606
425319,208146,129817,533760,97280,122693
425319,208146,189817,520298,142598,138769
425319,208146,219817,520235,162843,146288
425319,208146,249817,524588,186538,151597
425319,208146,279817,527530,214448,160365
425319,238146,99817,546066,82937,88749
425319,238146,129817,536348,104052,94096
425319,238146,159817,528767,124723,101245
425319,238146,189817,523949,147313,110973
425319,238146,219817,521447,173021,121979
425319,238146,249817,524237,196949,130868
425319,238146,279817,527715,221909,140969
425319,268146,159817,532314,136132,76250
425319,268146,189817,525002,155964,89048
425319,268146,219817,521822,179831,100799
425319,268146,249817,524399,206575,111602
425319,268146,279817,527405,231326,123066
425319,298146,129817,536521,132314,41140
425319,298146,159817,530982,151181,53379
425319,298146,189817,523627,170077,67939
425319,298146,219817,521341,192013,80579
425319,298146,249817,522206,216807,93832
425319,298146,279817,524979,240452,104801
425319,298146,309817,526696,263972,116709
425319,328146,159817,531157,166087,29645
425319,328146,219817,522753,205586,65520
425319,328146,249817,524141,229074,79329
425319,328146,279817,525070,252981,90058
425319,358146,189817,528556,200291,29115
425319,358146,219817,524791,219560,47767
425319,358146,249817,526156,241856,64178
455319,58146,159817,571825,95018,240736
455319,58146,189817,569385,117050,253284
455319,58146,219817,569969,136199,261711
455319,88146,159817,568977,92699,217852
455319,88146,189817,564723,119609,225008
455319,88146,219817,565815,139216,235445
455319,118146,129817,565882,76564,198694
455319,118146,159817,565654,99163,199198
455319,118146,189817,562782,120701,203990
455319,118146,219817,560544,141929,211020
455319,118146,249817,562424,168242,214326
455319,118146,279817,567603,203297,214162
455319,148146,129817,562780,86167,173390
455319,148146,189817,560540,123294,181500
455319,148146,219817,559257,144040,184579
455319,148146,249817,562933,172521,190393
455319,178146,99817,579276,64078,139580
455319,178146,129817,565534,90794,148134
455319,178146,159817,556903,114350,153719
455319,178146,189817,556101,135129,155946
455319,178146,219817,557627,151167,161301
455319,178146,249817,561441,176769,169126
455319,178146,279817,565757,205214,176566
455319,208146,99817,579784,73145,112626
455319,208146,129817,567079,96541,121458
455319,208146,159817,555907,119207,126496
455319,208146,189817,552447,143033,135733
455319,208146,249817,559543,183321,148848
455319,208146,279817,563903,210124,155961
455319,238146,99817,577108,82967,87325
455319,238146,129817,568622,105682,94572
455319,238146,159817,558294,125149,101104
455319,238146,189817,553962,148543,112158
455319,238146,249817,558374,193586,130763
455319,238146,279817,563251,218617,138783
455319,268146,189817,555491,155892,91871
455319,268146,219817,554479,178338,104578
455319,268146,249817,558487,202517,113460
455319,268146,279817,564263,227924,122721
455319,298146,159817,562893,148411,55495
455319,298146,189817,556557,166608,69597
455319,298146,219817,556095,187382,83944
455319,298146,249817,558290,212543,94538
455319,298146,279817,563767,236272,105278
455319,328146,189817,560072,179100,52282
455319,328146,219817,557869,199758,66970
455319,328146,249817,560305,222567,78670
455319,328146,279817,563799,245641,89077
485319,58146,189817,602996,117812,253288
485319,58146,219817,602067,135854,259430
485319,88146,159817,598245,94665,216889
485319,88146,189817,594637,119278,223137
485319,88146,219817,596871,137973,232190
485319,88146,249817,598698,161504,236562
485319,118146,129817,595493,78552,193177
485319,118146,159817,588413,100424,194067
485319,118146,189817,587719,118033,198690
485319,118146,219817,592581,140996,207767
485319,118146,249817,596137,166190,210744
485319,118146,279817,600746,196757,211599
485319,148146,129817,594293,77966,169468
485319,148146,159817,591536,101489,175429
485319,148146,189817,590684,122918,179894
485319,148146,219817,591209,144901,183218
485319,148146,249817,595419,169524,187292
485319,178146,99817,605666,62215,134899
485319,178146,159817,587771,107771,150463
485319,178146,189817,588983,130658,152463
485319,178146,219817,589855,149093,160061
485319,178146,249817,595103,172194,164720
485319,178146,279817,601841,201157,169071
485319,208146,99817,605844,69610,110636
485319,208146,129817,597743,89318,120211
485319,208146,159817,586587,113063,126490
485319,208146,189817,586461,134052,134326
485319,208146,219817,587639,155916,140359
485319,208146,249817,596189,179217,144843
485319,208146,279817,602663,206804,148568
485319,238146,129817,598026,100954,95300
485319,238146,249817,595878,189180,125156
485319,238146,279817,603883,215400,129984
485319,268146,129817,597506,111527,70573
485319,268146,159817,592726,131755,80672
485319,268146,189817,590784,153814,94259
485319,268146,219817,592242,175999,101373
485319,268146,249817,598279,200596,105041
485319,268146,279817,604319,224081,112432
485319,298146,189817,593454,163828,73574
485319,298146,219817,594254,185587,82379
485319,298146,249817,598797,207635,89158
515319,58146,189817,638538,116580,253443
515319,58146,219817,635016,133969,260430
515319,88146,189817,632459,118862,224400
515319,88146,219817,630518,137584,232825
515319,88146,249817,629039,159679,238311
515319,118146,129817,623071,79078,191177
515319,118146,159817,618032,101038,194195
515319,118146,189817,622921,121804,198839
515319,118146,219817,624762,141200,207193
515319,118146,249817,625308,164759,210960
515319,148146,189817,623225,121826,177432
515319,148146,219817,622384,144107,183122
515319,148146,249817,624814,167795,184793
515319,178146,159817,615843,100223,151546
515319,178146,189817,617851,125024,156545
515319,178146,219817,621727,146988,160858
515319,178146,249817,627177,172203,161552
515319,208146,159817,617166,104099,128804
515319,208146,189817,616198,128995,134292
515319,208146,219817,623687,153079,139724
515319,208146,249817,633382,177158,139582
515319,208146,279817,639771,202093,139104
515319,238146,159817,619474,116345,106777
515319,238146,189817,620197,138951,113334
515319,238146,219817,626483,160675,117145
515319,238146,249817,636965,183387,118036
515319,268146,189817,623206,147936,92016
515319,268146,219817,629387,167580,96129
515319,268146,279817,646041,207609,103955
515319,268146,309817,649716,230885,107176
515319,298146,249817,643908,191194,86695
515319,298146,279817,649510,214452,88613
545319,88146,189817,668613,109332,224671
545319,88146,219817,660808,131263,232042
545319,88146,249817,656576,156523,239824
545319,118146,159817,657159,93032,195720
545319,118146,189817,662015,114631,198964
545319,118146,219817,658248,136219,204973
545319,118146,249817,657684,160681,209793
545319,148146,159817,647670,95676,176914
545319,148146,189817,655157,119332,179589
545319,148146,219817,657946,139371,182217
545319,148146,249817,660987,162569,180975
545319,178146,159817,648462,94438,154219
545319,178146,189817,651852,120511,160002
545319,178146,219817,661599,141496,163101
545319,178146,279817,668122,186177,154225
545319,208146,159817,650876,99836,133118
545319,208146,189817,653588,123644,136545
545319,208146,219817,662626,145370,139901
545319,208146,279817,674128,185843,133263
545319,208146,309817,674567,212035,136191
545319,238146,159817,657210,109128,112449
545319,238146,189817,659032,129547,114673
545319,238146,219817,664224,148788,115484
545319,238146,279817,679005,190095,116058
545319,238146,309817,680745,215328,119055
545319,268146,159817,666213,116592,87999
545319,268146,249817,673747,172499,101465
545319,268146,279817,682226,196620,101670
545319,268146,309817,685813,224136,102089
545319,298146,249817,679850,176672,86899
545319,298146,279817,684999,206977,85277
545319,298146,309817,687053,232925,81934
545319,328146,249817,689678,185256,69136
545319,328146,279817,687179,212850,64296
545319,328146,309817,686027,239285,61109
575319,88146,219817,697594,118767,229881
575319,88146,249817,694678,145382,236028
575319,118146,219817,695326,118380,205713
575319,118146,249817,699299,142228,212526
575319,148146,279817,697489,163533,184718
575319,178146,159817,689343,83374,156334
575319,178146,189817,691629,105127,162301
575319,178146,249817,699522,140276,162893
575319,178146,279817,702395,168994,154239
575319,178146,309817,706537,207146,152385
575319,208146,159817,690789,86326,135285
575319,208146,189817,691300,106567,140367
575319,208146,249817,701245,145537,138369
575319,208146,279817,707182,174889,132893
575319,208146,309817,707736,205822,130154
575319,238146,249817,705915,153881,118520
575319,238146,279817,712278,178816,114949
575319,238146,309817,712337,207863,113402
575319,268146,219817,704549,134190,99609
575319,268146,249817,710934,159292,101190
575319,268146,279817,718395,187176,98397
575319,268146,309817,718626,214337,97069
575319,298146,219817,714235,137526,81645
575319,298146,249817,718888,165158,85419
575319,298146,279817,723036,194836,81975
575319,298146,309817,723621,221592,78326
575319,328146,219817,727894,144948,63799
575319,328146,249817,729610,172969,68099
575319,328146,309817,728204,228225,55830
575319,358146,219817,736077,157828,45925
575319,358146,249817,739222,184032,47446
575319,358146,279817,733824,206605,38018
605319,118146,249817,739127,117277,208774
605319,148146,219817,739753,100102,179629
605319,148146,249817,735748,119966,184465
605319,148146,279817,732982,143544,184205
605319,178146,219817,737729,101517,155235
605319,178146,249817,733599,126116,157337
605319,178146,279817,735918,151000,154365
605319,178146,309817,735258,183134,151479
605319,208146,189817,739420,80088,131451
605319,208146,219817,738029,102704,133429
605319,208146,249817,737688,130525,134274
605319,208146,279817,739524,159269,130433
605319,208146,309817,735018,188763,127753
605319,238146,189817,742642,86148,113137
605319,238146,219817,741305,110031,115429
605319,238146,249817,744229,138792,114948
605319,238146,279817,745482,166598,112363
605319,238146,309817,741049,196534,109865
605319,268146,189817,748323,95902,90862
605319,268146,219817,747820,118671,95438
605319,268146,249817,751399,147129,96408
605319,268146,279817,753368,174767,95197
605319,268146,309817,749301,204526,92532
605319,298146,189817,755174,104401,68201
605319,298146,219817,756001,124456,74063
605319,298146,249817,759176,151927,78108
605319,298146,309817,758496,211412,74484
605319,328146,219817,763895,134194,54033
605319,328146,249817,768081,161142,59851
605319,328146,279817,767841,188887,59012
605319,328146,309817,765744,219123,53947
605319,358146,219817,770877,147376,36590
605319,358146,249817,772601,173437,42003
605319,358146,279817,771268,196047,38858
605319,388146,249817,772664,183046,15999
605319,388146,279817,771337,202486,17632
635319,118146,249817,773761,108057,202143
635319,118146,279817,769492,129824,203590
635319,148146,219817,778358,91621,169299
635319,148146,249817,773944,110217,174644
635319,148146,279817,767959,131755,176556
635319,178146,219817,779231,90855,146006
635319,178146,249817,774146,111466,148050
635319,178146,279817,767310,132552,147777
635319,178146,309817,765882,163622,149145
635319,208146,219817,781508,89897,125881
635319,208146,249817,775779,112542,126945
635319,208146,309817,767645,165670,125688
635319,238146,189817,786015,76735,104022
635319,238146,219817,783859,97137,106512
635319,238146,249817,780270,121520,107463
635319,238146,309817,775270,178411,107126
635319,268146,189817,789907,83955,81480
635319,268146,219817,788843,104909,84597
635319,268146,249817,787064,131362,84530
635319,268146,309817,783422,190875,90005
635319,298146,219817,796192,112687,60476
635319,298146,249817,795973,139948,64395
635319,298146,279817,795065,171204,68356
635319,298146,309817,789724,201348,71863
635319,328146,219817,801437,123659,39131
635319,328146,249817,802108,151493,47235
635319,328146,279817,800254,180560,52480
635319,328146,309817,796258,210386,51676
635319,358146,249817,804485,163238,28745
635319,358146,279817,802905,186197,32517
635319,358146,309817,800455,213684,32287
635319,388146,279817,803409,194586,11671
665319,148146,249817,811527,99793,171461
665319,148146,279817,803239,123834,173392
665319,178146,249817,813976,97969,144410
665319,178146,279817,802031,121682,144993
665319,178146,309817,794936,155010,144889
665319,208146,219817,826171,76294,120791
665319,208146,249817,816828,99776,122130
665319,208146,279817,805115,126864,121326
665319,208146,309817,799510,159074,121206
665319,238146,219817,828732,85973,97482
665319,238146,249817,821268,109488,99311
665319,238146,279817,812841,137816,99391
665319,238146,309817,806934,173540,102961
665319,268146,219817,833217,93402,71025
665319,268146,249817,828677,119853,75466
665319,268146,279817,822333,151314,79257
665319,268146,309817,816002,186529,85875
665319,298146,219817,837208,100945,44811
665319,298146,249817,834833,131434,52067
665319,298146,279817,827825,164894,61183
665319,298146,309817,822921,196646,68946
665319,328146,249817,835739,143467,34495
665319,328146,279817,831224,174097,43227
665319,328146,309817,826769,203999,49860
665319,358146,249817,835786,156254,18883
665319,358146,279817,832584,182601,25297
665319,358146,309817,828137,208367,30543
695319,178146,279817,837078,120948,144914
695319,208146,249817,855259,99157,120747
695319,208146,279817,839713,126768,119508
695319,208146,309817,830177,156959,119622
695319,238146,249817,862362,107046,96047
695319,238146,279817,848888,137475,97720
695319,238146,309817,839341,169950,102354
695319,268146,249817,868238,117839,72332
695319,268146,279817,856438,150486,78728
695319,268146,309817,847138,182080,85105
695319,298146,249817,870547,130299,48266
695319,298146,279817,860275,162612,58682
695319,298146,309817,852680,191265,66996
695319,328146,279817,861732,171842,39232
695319,328146,309817,855764,199396,47574
245319,418146,609817,378692,600148,151686
275319,418146,639817,403415,618924,170275
275319,448146,579817,424219,589286,123829
275319,448146,609817,418944,608333,139155
275319,478146,579817,425358,596108,98951
275319,478146,609817,424868,617239,115106
305319,328146,969817,316802,917183,252253
305319,418146,579817,451675,584343,150821
305319,418146,609817,443714,603420,164387
305319,418146,639817,434232,621681,174387
305319,418146,729817,406726,686047,189522
305319,418146,759817,400179,709534,196554
305319,448146,549817,454069,571360,112673
305319,448146,579817,458848,593484,129070
305319,448146,609817,451628,612555,144135
305319,448146,639817,443134,627945,156248
305319,448146,729817,418135,695131,170090
305319,448146,759817,412568,715604,169155
305319,448146,789817,403983,736847,170270
305319,478146,549817,462345,582475,92304
305319,478146,579817,464645,601151,106858
305319,478146,609817,461413,620743,121169
305319,478146,639817,451618,641009,132563
305319,478146,759817,413531,721221,136329
305319,478146,789817,408495,741564,139208
305319,478146,819817,410167,763590,143615
305319,508146,579817,468426,608701,82936
305319,508146,609817,465946,632835,95599
305319,508146,639817,459205,653779,108180
335319,358146,699817,435321,654776,232118
335319,358146,729817,424829,678590,238268
335319,358146,909817,368348,855876,249479
335319,388146,609817,464854,597870,193249
335319,388146,639817,452180,619504,197142
335319,388146,669817,442581,639756,202336
335319,388146,699817,439519,658817,211017
335319,388146,729817,427503,679184,215029
335319,388146,759817,425745,707743,220463
335319,388146,849817,408626,796201,228229
335319,388146,879817,399472,827897,228369
335319,388146,909817,386466,854472,229666
335319,388146,939817,377167,880602,225625
335319,388146,969817,368683,910095,223101
335319,418146,549817,473947,567581,145595
335319,418146,579817,478920,586756,158565
335319,418146,609817,475761,605650,168077
335319,418146,639817,464008,625791,176715
335319,418146,669817,454023,648681,186711
335319,418146,699817,449331,668037,193171
335319,418146,729817,439954,690816,193479
335319,418146,759817,431257,712246,199040
335319,418146,789817,426723,736608,203542
335319,418146,879817,415028,826308,210901
335319,418146,909817,404325,854977,209142
335319,418146,939817,394336,882548,207506
335319,418146,969817,388592,907480,199441
335319,418146,999817,376450,933478,194708
335319,448146,549817,486137,579941,118960
335319,448146,579817,486212,598490,133673
335319,448146,609817,484323,615386,147883
335319,448146,639817,474031,631796,157465
335319,448146,669817,464439,655776,174691
335319,448146,699817,459334,677685,177177
335319,448146,729817,449019,698012,175415
335319,448146,759817,437883,719189,174147
335319,448146,789817,433723,739988,177343
335319,448146,819817,432101,759855,183171
335319,448146,909817,418960,855803,188317
335319,448146,939817,408095,886759,185416
335319,448146,969817,396823,913735,181771
335319,448146,999817,385137,937647,178044
335319,478146,549817,491536,585951,97057
335319,478146,579817,493149,607235,106550
335319,478146,609817,489740,622089,120642
335319,478146,639817,482468,641660,136431
335319,478146,669817,475799,666875,157043
335319,478146,699817,467659,688194,154784
335319,478146,729817,454375,706159,148740
335319,478146,759817,444136,723836,145043
335319,478146,789817,438371,743516,147082
335319,478146,819817,439982,762533,153269
335319,508146,579817,498727,617071,83734
335319,508146,609817,498336,635765,92974
335319,508146,639817,492686,658275,110348
335319,508146,759817,449964,727359,114275
335319,508146,789817,445482,748630,117719
335319,508146,819817,445746,774830,126335
365319,358146,669817,464718,633054,235298
365319,358146,699817,461469,655840,241366
365319,358146,729817,456987,679520,248503
365319,358146,759817,452409,706214,251254
365319,358146,789817,442821,738462,254549
365319,358146,999817,373368,954919,240766
365319,358146,1029817,353768,989503,241482
365319,388146,369817,545751,403074,156000
365319,388146,399817,505389,463957,110087
365319,388146,609817,488047,594849,202523
365319,388146,639817,483552,613573,207099
365319,388146,669817,474062,640771,209636
365319,388146,699817,466300,663976,216671
365319,388146,729817,460294,686200,221576
365319,388146,759817,456585,713332,225313
365319,388146,789817,451591,737762,232508
365319,388146,819817,445623,766779,231302
365319,388146,849817,438574,799571,231867
365319,388146,879817,431106,830694,232595
365319,388146,909817,418006,857558,235603
365319,388146,939817,401911,886327,236317
365319,388146,969817,397559,915637,230919
365319,388146,999817,384537,955693,223542
365319,388146,1029817,363737,986923,219355
365319,418146,399817,517009,467050,86557
365319,418146,429817,508333,491416,93720
365319,418146,489817,497194,534519,117105
365319,418146,519817,495698,553026,131569
365319,418146,549817,496401,569428,148594
365319,418146,579817,498208,586618,164791
365319,418146,609817,499328,604875,174582
365319,418146,639817,488592,626701,183890
365319,418146,669817,482466,648089,192489
365319,418146,699817,476430,669705,197625
365319,418146,729817,471713,693583,200844
365319,418146,759817,460501,721484,203011
365319,418146,789817,460076,745771,205776
365319,418146,819817,453727,768890,205002
365319,418146,849817,452151,798843,213647
365319,418146,879817,442434,830974,214921
365319,418146,909817,428720,858219,215297
365319,418146,939817,413696,884373,218011
365319,418146,969817,404662,911870,215865
365319,418146,999817,391595,948020,209265
365319,448146,579817,511576,600229,137054
365319,448146,609817,510807,618678,150739
365319,448146,639817,502393,633973,162549
365319,448146,669817,493143,657153,172992
365319,448146,699817,486783,678434,175686
365319,448146,729817,474029,703370,178546
365319,448146,759817,468654,726290,179110
365319,448146,789817,463243,749283,182795
365319,448146,819817,458722,769505,187226
365319,448146,849817,459300,797785,194424
365319,448146,879817,450154,834260,197929
365319,448146,909817,439812,860808,197077
365319,448146,939817,427553,889319,197969
365319,448146,969817,414832,918170,198453
365319,448146,999817,406383,942772,197424
365319,478146,579817,517874,609344,106475
365319,478146,609817,517837,628480,117191
365319,478146,639817,513532,645562,133201
365319,478146,669817,506770,663501,152449
365319,478146,699817,496483,686291,156994
365319,478146,729817,483486,709255,155546
365319,478146,759817,473774,729636,154592
365319,478146,789817,468627,749476,159492
365319,478146,819817,467645,772194,162477
365319,478146,939817,441903,895033,180700
365319,478146,969817,427722,923053,180712
365319,478146,999817,419708,945989,180254
365319,508146,579817,526241,621228,80460
365319,508146,609817,525874,640789,89601
365319,508146,729817,489569,713299,132374
365319,508146,759817,479764,731360,126973
365319,508146,789817,473132,754036,132212
365319,508146,819817,473194,779702,139246
395319,328146,969817,386322,931589,277208
395319,328146,999817,380254,956650,281415
395319,328146,1029817,366053,983550,285535
395319,358146,369817,557576,400469,191085
395319,358146,669817,491403,633912,237891
395319,358146,699817,488761,661442,238988
395319,358146,729817,485564,684549,245306
395319,358146,759817,481283,710544,252972
395319,358146,849817,453317,804135,255794
395319,358146,879817,443468,834984,256343
395319,358146,909817,428348,867592,256302
395319,358146,939817,415064,900927,254696
395319,358146,969817,401263,933074,252142
395319,358146,999817,393638,957147,258368
395319,358146,1029817,379871,984782,261771
395319,358146,1059817,355414,1014676,264205
395319,388146,369817,568536,406256,166377
395319,388146,639817,505432,619156,210429
395319,388146,669817,499575,642309,214244
395319,388146,699817,495767,668341,215064
395319,388146,729817,492715,693301,221198
395319,388146,759817,486323,716606,230543
395319,388146,789817,479142,743726,233131
395319,388146,819817,474800,769773,235867
395319,388146,849817,466197,803558,239529
395319,388146,879817,458501,833133,240837
395319,388146,909817,442980,864178,238286
395319,388146,939817,426385,893631,240864
395319,388146,969817,410441,929390,235254
395319,388146,999817,398827,959877,234232
395319,388146,1029817,383913,990768,237705
395319,388146,1059817,371449,1018811,245257
395319,418146,399817,542233,466916,93245
395319,418146,429817,533284,491208,99809
395319,418146,459817,525556,514270,109121
395319,418146,489817,520805,534964,120729
395319,418146,519817,518801,553499,134378
395319,418146,549817,518828,571096,149909
395319,418146,579817,519574,589291,165544
395319,418146,609817,518367,609832,176323
395319,418146,639817,514143,630581,189734
395319,418146,669817,508570,654722,198639
395319,418146,699817,504939,677315,201228
395319,418146,729817,501586,698131,204810
395319,418146,759817,492956,725464,211801
395319,418146,789817,485366,747918,214977
395319,418146,819817,482912,769590,218887
395319,418146,849817,476029,805209,224143
395319,418146,879817,467065,836256,223556
395319,418146,909817,451623,863891,223972
395319,418146,939817,434247,891294,227316
395319,418146,969817,422548,918640,228984
395319,448146,489817,530285,539834,97134
395319,448146,519817,527689,560443,108730
395319,448146,579817,530059,605852,137067
395319,448146,609817,529559,621542,153826
395319,448146,639817,524822,638176,171066
395319,448146,669817,522427,660728,179997
395319,448146,699817,516953,682353,182079
395319,448146,729817,507402,708468,185210
395319,448146,759817,498809,732822,189299
395319,448146,789817,489576,755930,192922
395319,448146,819817,486797,772363,195182
395319,448146,849817,483254,807272,201809
395319,448146,879817,471421,839439,206818
395319,448146,909817,460363,866058,210169
395319,448146,939817,448667,895417,210831
395319,448146,969817,436371,920429,215691
395319,448146,999817,426071,943785,216224
395319,478146,609817,537171,630189,120959
395319,478146,639817,537884,649542,136831
395319,478146,669817,533629,668215,153931
395319,478146,699817,524431,687756,162755
395319,478146,729817,514019,713912,164312
395319,478146,759817,502270,739011,166925
395319,478146,789817,495707,760039,173180
395319,478146,909817,471739,873878,189277
395319,478146,939817,464022,902402,188561
395319,508146,729817,518715,718677,140987
425319,358146,669817,518595,640839,237636
425319,358146,699817,519825,665372,239876
425319,358146,729817,516596,688830,249754
425319,358146,759817,512447,715205,259021
425319,358146,879817,461597,838403,271035
425319,358146,909817,440166,874700,273106
425319,358146,939817,426391,904688,276592
425319,358146,969817,418318,932262,274492
425319,358146,999817,412685,956920,280396
425319,358146,1029817,398345,990760,296224
425319,358146,1059817,381201,1013969,289697
425319,388146,639817,522847,621251,212675
425319,388146,669817,526945,647039,217718
425319,388146,699817,526835,669841,223562
425319,388146,729817,521238,693676,230674
425319,388146,759817,516676,719259,240178
425319,388146,789817,508916,745380,248338
425319,388146,819817,505086,775428,252271
425319,388146,849817,492045,804493,253597
425319,388146,879817,475795,833241,259228
425319,388146,909817,457893,867435,257870
425319,388146,939817,442880,902870,260308
425319,388146,969817,436734,933921,259401
425319,388146,999817,429256,957212,259244
425319,388146,1029817,412698,984260,261270
425319,388146,1059817,395596,1010485,265005
425319,418146,429817,558845,489600,107543
425319,418146,459817,550015,512571,116398
425319,418146,489817,543904,533819,127231
425319,418146,519817,540339,554286,139129
425319,418146,549817,538926,575558,151677
425319,418146,579817,538658,594593,166990
425319,418146,609817,536910,611747,181856
425319,418146,639817,537794,633304,195494
425319,418146,669817,537674,656243,205810
425319,418146,699817,535143,677448,211515
425319,418146,759817,520735,727672,223960
425319,418146,789817,514661,755429,229125
425319,418146,819817,511564,779098,233284
425319,418146,849817,502178,808387,238523
425319,418146,879817,486249,839425,242612
425319,418146,909817,469570,865720,240878
425319,418146,939817,454511,893935,239489
425319,418146,969817,440530,922938,243027
425319,418146,1029817,422413,991140,244795
425319,448146,549817,547626,585907,126093
425319,448146,579817,549164,606089,142270
425319,448146,609817,552200,622610,159689
425319,448146,639817,552370,639919,175172
425319,448146,669817,550888,663383,186010
425319,448146,699817,545416,684373,192339
425319,448146,729817,535731,710346,201215
425319,448146,759817,524546,734900,205000
425319,448146,789817,515767,758187,212302
425319,448146,819817,512104,780460,215286
425319,448146,849817,504243,810724,219743
425319,448146,879817,492764,840244,225465
425319,448146,909817,476076,870867,225219
425319,448146,939817,469017,895903,225647
425319,448146,969817,460527,920187,226604
425319,448146,999817,451273,949384,227112
425319,478146,579817,556924,610416,114756
425319,478146,609817,560585,630492,128381
425319,478146,639817,563827,647637,151844
425319,478146,669817,556868,670175,163309
425319,478146,699817,548181,690687,171525
425319,478146,729817,536922,717078,178399
425319,478146,759817,526800,741512,185874
425319,478146,789817,521495,761223,193545
425319,478146,909817,488443,882690,203181
425319,478146,939817,481562,905310,205115
425319,478146,969817,473562,927930,209116
425319,478146,999817,465241,951916,210232
425319,508146,579817,570946,618863,91364
425319,508146,609817,571297,637503,106590
425319,508146,729817,539134,722562,155681
425319,508146,759817,534808,745701,160305
425319,508146,789817,531431,768285,170894
425319,508146,819817,520489,790093,173407
455319,358146,699817,549838,666997,252562
455319,358146,729817,544922,693461,264044
455319,388146,609817,553290,602888,212199
455319,388146,639817,557774,622495,219861
455319,388146,669817,560877,643366,228220
455319,388146,699817,558665,668358,237051
455319,388146,729817,554741,697599,251308
455319,388146,759817,546204,720003,259869
455319,388146,789817,537740,751937,271919
455319,388146,819817,527926,782896,276962
455319,388146,849817,509752,810829,273874
455319,388146,879817,490761,839685,280185
455319,388146,909817,471171,866639,285330
455319,388146,939817,459266,902641,286514
455319,418146,549817,560682,576140,159582
455319,418146,579817,562326,594749,174758
455319,418146,609817,565584,612774,188284
455319,418146,639817,567547,632570,198125
455319,418146,669817,570304,651214,211710
455319,418146,699817,565776,674830,222017
455319,418146,729817,558046,700858,232252
455319,418146,759817,551077,724546,241068
455319,418146,789817,541237,755676,252988
455319,418146,819817,536269,784459,257045
455319,418146,849817,523685,812045,258309
455319,418146,879817,501819,842295,263529
455319,418146,909817,485519,868960,267140
455319,418146,939817,479548,902127,268642
455319,418146,969817,464161,923947,260537
455319,418146,999817,461723,960575,262006
455319,448146,549817,571087,581599,139159
455319,448146,579817,573414,601079,153626
455319,448146,609817,576736,619026,169077
455319,448146,639817,577863,637316,179963
455319,448146,669817,574946,661550,194440
455319,448146,699817,569463,683619,205275
455319,448146,729817,561074,705156,211550
455319,448146,759817,554097,731191,220766
455319,448146,789817,544069,758829,232050
455319,448146,879817,506608,844126,244661
455319,448146,909817,493960,873221,244825
455319,448146,939817,487286,900177,244586
455319,448146,969817,483741,926385,242016
455319,448146,999817,473892,957773,243165
455319,478146,549817,581967,585738,115156
455319,478146,579817,582547,606129,127653
455319,478146,609817,586843,624574,144646
455319,478146,639817,587810,646883,160124
455319,478146,669817,580183,667624,173501
455319,478146,699817,569181,694016,184072
455319,478146,729817,560546,715828,192476
455319,478146,759817,556241,739068,199613
455319,478146,789817,552888,762901,208709
455319,478146,819817,545081,780577,214482
455319,478146,909817,503842,878218,222615
455319,478146,939817,498460,906289,224414
455319,478146,969817,495283,934056,222984
455319,478146,999817,488311,958777,222070
455319,508146,579817,591270,614305,107636
455319,508146,609817,594729,636194,121274
455319,508146,729817,562162,724219,171699
455319,508146,759817,559049,747974,177266
455319,508146,789817,565331,767759,184100
455319,508146,819817,562298,788501,187151
455319,538146,759817,567917,752848,154152
455319,538146,789817,572034,775364,158552
485319,388146,699817,585817,666617,254243
485319,388146,729817,579950,695422,268384
485319,388146,879817,513629,845266,299318
485319,388146,909817,497233,872628,303013
485319,418146,579817,585895,584531,188364
485319,418146,609817,589155,602888,202084
485319,418146,669817,594395,642705,227320
485319,418146,699817,596238,670608,238517
485319,418146,759817,578878,723485,260584
485319,418146,909817,508244,874229,286674
485319,418146,939817,500808,906402,285663
485319,418146,969817,490425,929307,280464
485319,448146,549817,594175,568750,152710
485319,448146,579817,596134,589090,165854
485319,448146,609817,600494,609862,178642
485319,448146,639817,603684,629633,193831
485319,448146,669817,601373,655053,210154
485319,448146,729817,587882,703928,230197
485319,448146,759817,583384,729217,239404
485319,448146,789817,576344,753298,246770
485319,448146,909817,512437,878535,265204
485319,448146,939817,507729,907927,265504
485319,448146,969817,503800,931883,259570
485319,478146,549817,603962,578104,127316
485319,478146,579817,603904,598947,140814
485319,478146,609817,608686,618551,157453
485319,478146,639817,612318,642385,173135
485319,478146,729817,586866,715011,208759
485319,478146,759817,585565,739246,217946
485319,478146,789817,584051,758881,224936
485319,478146,819817,578452,783208,229057
485319,508146,579817,621480,602910,118800
485319,508146,609817,618854,628568,135677
485319,508146,759817,591720,746168,194287
485319,508146,789817,597130,765765,198704
485319,508146,819817,595521,788801,199820
515319,358146,939817,495272,904746,332690
515319,418146,639817,617267,617782,226832
515319,448146,549817,623445,555125,167226
515319,448146,579817,620159,576617,178627
515319,448146,609817,622200,601131,191230
515319,478146,579817,630554,589034,154958
515319,478146,609817,633261,611066,170265
515319,508146,579817,648754,594926,132325
