x_fanc,y_fanc,z_fanc,x_manc,y_manc,z_manc
20000,420000,100000,66173,255562,463313
20000,420000,120000,62828,280142,456374
20000,440000,80000,68850,226628,451636
20000,440000,100000,63761,250734,445125
20000,440000,120000,60440,276049,436548
20000,440000,140000,58442,297815,429704
20000,460000,80000,69262,222803,433161
20000,460000,100000,65481,246999,424788
20000,460000,120000,60563,268712,418227
20000,460000,140000,59154,290926,410322
20000,480000,80000,71642,220933,413475
20000,480000,100000,67479,242985,403155
20000,480000,120000,65944,264411,396446
20000,480000,140000,63124,285535,389843
20000,580000,80000,84269,212838,318000
20000,580000,100000,82887,234713,312474
20000,580000,120000,80364,253102,303576
20000,600000,60000,83729,183715,306940
20000,600000,80000,84429,204239,299527
20000,600000,100000,82382,226657,291546
20000,600000,120000,77273,246418,283681
20000,600000,140000,76450,264715,277324
20000,620000,80000,83558,195487,281501
20000,620000,100000,82288,216965,270826
20000,620000,120000,78122,237767,263420
20000,620000,140000,75634,258146,257465
20000,640000,80000,81152,187690,265364
20000,640000,100000,81459,209816,253752
20000,640000,120000,78389,229511,244215
40000,400000,80000,86694,239697,488236
40000,400000,100000,83207,261263,482515
40000,400000,120000,80440,285526,475969
40000,400000,140000,77866,307580,468359
40000,420000,60000,89528,211328,474578
40000,420000,80000,84336,232409,469199
40000,420000,100000,79905,255614,462583
40000,420000,120000,75981,281391,455239
40000,420000,140000,72954,304347,448288
40000,420000,160000,73190,325577,442502
40000,440000,60000,88891,206162,455778
40000,440000,80000,84275,227606,449001
40000,440000,100000,76292,251192,444646
40000,440000,120000,72784,276273,435182
40000,440000,140000,69817,298345,427663
40000,440000,160000,70081,318818,421575
40000,460000,60000,89171,202620,436715
40000,460000,80000,83110,224226,432069
40000,460000,100000,79138,246381,425214
40000,460000,120000,74394,268431,416261
40000,460000,140000,73419,289854,406438
40000,460000,160000,72298,312799,400449
40000,480000,60000,90725,198802,418993
40000,480000,80000,86383,223284,413342
40000,480000,100000,81216,243461,400308
40000,480000,120000,80321,264912,392647
40000,480000,140000,77258,284452,385724
40000,480000,160000,76010,306243,380759
40000,500000,80000,92585,225483,387465
40000,500000,100000,90369,245479,379153
40000,500000,120000,85687,263212,373766
40000,500000,140000,81996,282581,365872
40000,520000,80000,99389,229743,362252
40000,520000,100000,94437,246328,360603
40000,540000,60000,98457,200055,358409
40000,540000,80000,98460,225620,347902
40000,540000,100000,97547,243326,344048
40000,560000,60000,97655,197347,340154
40000,560000,80000,97650,221762,332558
40000,560000,100000,95787,242148,327387
40000,560000,120000,93908,256295,320219
40000,580000,60000,97885,192892,321655
40000,580000,80000,96148,214504,316771
40000,580000,100000,95017,239429,310759
40000,580000,120000,93698,255449,301748
40000,580000,140000,92528,271410,293818
40000,600000,60000,98390,184576,305851
40000,600000,80000,97291,204697,297638
40000,600000,100000,96761,228634,287327
40000,600000,120000,91457,247993,279682
40000,600000,140000,92034,266770,273503
40000,600000,160000,92955,284455,267452
40000,620000,60000,97336,175728,290469
40000,620000,80000,96219,195611,279418
40000,620000,100000,97284,217176,266681
40000,620000,120000,94119,238096,258969
40000,620000,140000,92494,259653,251915
40000,620000,160000,92927,278707,247672
40000,640000,60000,97127,168398,275111
40000,640000,80000,95790,187577,264064
40000,640000,100000,96545,209932,249329
40000,640000,120000,93430,228860,238855
40000,640000,140000,90392,252413,231612
40000,640000,160000,90571,273931,228778
40000,660000,80000,95463,180633,249519
40000,660000,100000,92621,200359,236182
40000,660000,120000,90924,221743,224810
40000,660000,140000,89600,245400,215760
40000,680000,120000,88758,211321,211260
60000,380000,80000,105134,248102,504555
60000,380000,100000,101733,271035,500198
60000,380000,120000,99176,293398,494874
60000,400000,60000,106228,219421,491256
60000,400000,80000,102064,241515,487900
60000,400000,100000,98083,263278,482916
60000,400000,120000,95058,289061,476379
60000,400000,140000,93906,308315,465146
60000,420000,60000,104551,212994,473544
60000,420000,80000,99647,232637,469867
60000,420000,100000,93492,256007,463710
60000,420000,120000,90650,281267,454923
60000,420000,140000,86914,307243,445846
60000,420000,160000,87662,326301,439568
60000,440000,60000,104247,207174,455049
60000,440000,80000,98651,227263,449779
60000,440000,100000,94175,252361,442665
60000,440000,120000,89869,274213,434697
60000,440000,140000,84960,297626,427339
60000,440000,160000,82399,318640,419554
60000,460000,60000,104398,202832,435942
60000,460000,80000,99566,225412,431516
60000,460000,100000,96480,247089,425063
60000,460000,120000,91024,267022,416398
60000,460000,140000,88953,289671,405245
60000,460000,160000,86113,312675,397281
60000,460000,180000,90182,332824,394403
60000,480000,60000,106088,199007,418418
60000,480000,80000,103678,222286,410762
60000,480000,100000,98684,244479,403409
60000,480000,120000,94748,265666,392773
60000,480000,140000,91508,285265,383683
60000,480000,160000,90651,306243,376173
60000,500000,60000,108608,199837,397671
60000,500000,80000,107821,225424,386692
60000,500000,100000,103679,246044,379578
60000,500000,120000,99996,265174,373843
60000,500000,140000,97396,283748,363828
60000,500000,160000,96780,304081,359298
60000,520000,40000,112555,169824,387839
60000,520000,60000,111301,200785,379732
60000,520000,80000,112408,231999,363478
60000,520000,100000,105849,250233,360775
60000,520000,120000,103758,264939,357166
60000,540000,40000,112958,167961,369487
60000,540000,60000,112596,198270,361058
60000,540000,80000,111716,226107,348449
60000,540000,100000,109419,245525,344744
60000,540000,120000,108790,261231,337442
60000,560000,40000,112879,164966,350065
60000,560000,60000,110782,194837,341985
60000,560000,80000,109509,219542,333742
60000,560000,100000,107341,243911,325344
60000,560000,120000,105767,259243,318790
60000,560000,140000,106625,276813,310646
60000,580000,40000,111775,160421,332300
60000,580000,60000,111456,194045,323088
60000,580000,80000,109563,214635,316160
60000,580000,100000,108889,237287,306792
60000,580000,120000,106708,256055,298394
60000,580000,140000,106999,273959,291976
60000,580000,160000,109485,289580,284660
60000,600000,40000,111382,157482,315118
60000,600000,60000,111350,182747,306755
60000,600000,80000,111464,206156,296931
60000,600000,100000,111208,228773,285502
60000,600000,120000,108815,248329,277523
60000,600000,140000,109058,267274,270935
60000,600000,160000,110641,285541,264379
60000,600000,180000,112187,301466,261178
60000,620000,40000,111751,150759,299582
60000,620000,60000,112052,175918,291864
60000,620000,80000,111150,196838,278963
60000,620000,100000,112323,219539,266930
60000,620000,120000,111405,237643,257516
60000,620000,140000,109555,259387,248362
60000,620000,160000,111421,280334,243624
60000,620000,180000,112425,297615,243108
60000,640000,60000,111765,169456,276891
60000,640000,80000,110179,188951,264387
60000,640000,100000,110600,209116,248764
60000,640000,120000,110134,230428,238772
60000,640000,140000,108916,251979,227279
60000,640000,160000,108818,273872,223410
60000,640000,180000,108996,295194,224633
60000,660000,60000,112266,159475,261640
60000,660000,80000,110971,181253,250076
60000,660000,100000,108363,199705,234774
60000,660000,120000,105412,220794,221859
60000,660000,140000,104884,244963,209576
60000,660000,160000,105521,268469,208175
60000,680000,80000,110422,169742,236199
60000,680000,100000,107497,190064,223441
60000,680000,120000,103851,210687,208864
60000,680000,140000,102773,235892,197299
60000,760000,80000,96770,118794,170849
60000,780000,60000,97676,92554,157691
60000,780000,80000,95718,114639,153296
60000,780000,100000,96323,140949,144802
60000,800000,60000,98989,90610,139599
60000,800000,80000,96420,112977,134528
60000,800000,100000,94266,139796,126556
60000,820000,80000,96187,111473,115946
60000,820000,100000,92405,137492,108571
80000,380000,80000,121450,250448,502345
80000,380000,100000,117496,273100,498485
80000,380000,120000,115299,296202,493804
80000,400000,60000,121892,222588,489495
80000,400000,80000,117945,244027,486502
80000,400000,100000,113764,268260,482661
80000,400000,120000,110703,293710,477621
80000,400000,140000,108973,312107,464995
80000,400000,160000,108052,329969,459898
80000,420000,60000,120036,216779,472370
80000,420000,80000,115437,235082,470595
80000,420000,100000,110769,261657,463275
80000,420000,120000,107829,282738,456227
80000,420000,140000,105258,306203,447491
80000,420000,160000,103048,323602,439945
80000,440000,40000,124815,188918,456912
80000,440000,60000,119842,209110,454255
80000,440000,80000,115805,229670,451146
80000,440000,100000,111572,254188,443973
80000,440000,120000,107753,274737,435949
80000,440000,140000,103978,297881,427085
80000,440000,160000,102007,317342,417936
80000,440000,180000,105541,333523,412460
80000,460000,40000,125474,183098,439696
80000,460000,60000,121757,203797,436016
80000,460000,80000,117056,225911,432980
80000,460000,100000,112879,248222,423995
80000,460000,120000,108699,269993,415074
80000,460000,140000,105610,290514,405323
80000,460000,160000,104710,313262,396070
80000,460000,180000,108497,333371,391599
80000,480000,40000,126438,178249,422694
80000,480000,60000,123766,201991,417662
80000,480000,80000,121680,221658,410651
80000,480000,100000,117868,244988,405421
80000,480000,120000,111189,268663,393958
80000,480000,140000,107619,286493,384518
80000,480000,160000,108677,308820,377168
80000,480000,180000,110635,328073,373492
80000,500000,40000,126669,174065,406481
80000,500000,60000,123744,200417,397841
80000,500000,80000,121964,221932,389810
80000,500000,100000,120737,247775,378755
80000,500000,120000,117278,271332,371215
80000,500000,140000,115194,287028,363646
80000,500000,160000,114383,305538,361709
80000,520000,20000,131368,144154,392702
80000,520000,40000,126374,169742,391173
80000,520000,60000,125068,198624,381843
80000,520000,80000,123307,224192,371184
80000,520000,100000,122713,252433,359566
80000,520000,120000,117770,270044,358847
80000,520000,140000,120763,285075,346120
80000,540000,20000,130761,139907,375583
80000,540000,40000,126746,165693,374537
80000,540000,60000,126480,194253,364481
80000,540000,80000,125726,222495,353700
80000,540000,100000,123730,244590,345689
80000,540000,120000,122585,264711,335840
80000,540000,140000,120892,283183,327267
80000,560000,20000,129763,136308,356781
80000,560000,40000,125898,162723,351066
80000,560000,60000,126964,187037,346398
80000,560000,80000,126732,216230,337232
80000,560000,100000,124741,238510,328374
80000,560000,120000,123890,260155,317451
80000,560000,140000,122607,278854,309283
80000,560000,160000,123333,295315,301711
80000,580000,20000,129086,132186,338886
80000,580000,40000,125315,154439,334514
80000,580000,60000,126359,183560,328669
80000,580000,80000,125757,212154,320988
80000,580000,100000,125128,233320,309354
80000,580000,120000,124087,255156,300255
80000,580000,140000,124235,274237,290451
80000,580000,160000,127377,290613,280900
80000,580000,180000,128703,306572,277173
80000,600000,20000,129330,128184,321960
80000,600000,40000,123822,153703,317488
80000,600000,60000,124683,180710,309123
80000,600000,80000,126412,205167,300784
80000,600000,100000,128216,227294,289723
80000,600000,120000,127400,247213,279246
80000,600000,140000,127806,267806,269907
80000,600000,160000,128918,287559,262891
80000,600000,180000,130228,305150,258760
80000,620000,40000,126215,149257,301020
80000,620000,60000,124939,173908,294881
80000,620000,80000,126399,196631,282148
80000,620000,100000,128080,219506,270418
80000,620000,120000,129587,237638,259855
80000,620000,140000,128766,258550,248872
80000,620000,160000,129309,281300,242809
80000,620000,180000,128671,301749,241014
80000,640000,60000,125587,169137,280151
80000,640000,80000,125289,190375,268050
80000,640000,100000,127014,210163,253169
80000,640000,120000,127831,230394,240955
80000,640000,140000,128828,250683,227785
80000,640000,160000,126779,275921,219910
80000,640000,180000,125255,298728,221731
80000,660000,60000,126367,157805,263518
80000,660000,80000,126441,180381,252146
80000,660000,100000,125211,198159,237948
80000,660000,120000,124084,222391,222219
80000,660000,140000,125516,244673,207773
80000,660000,160000,124891,269988,204124
80000,680000,80000,125657,169099,238081
80000,680000,100000,122717,188629,224721
80000,680000,120000,120015,212766,209045
80000,680000,140000,119026,236395,194221
80000,720000,60000,121587,119528,211750
80000,720000,80000,119265,144691,205515
80000,740000,60000,117274,106403,192502
80000,740000,80000,114816,126785,187954
80000,740000,100000,112653,151222,177713
80000,760000,40000,116229,77472,177016
80000,760000,60000,113546,95888,174664
80000,760000,80000,111097,115854,170794
80000,760000,100000,111070,143694,160008
80000,780000,40000,115306,72614,158819
80000,780000,60000,113999,90683,156433
80000,780000,80000,110450,113584,152864
80000,780000,100000,112032,145606,140233
80000,780000,120000,105006,172780,134203
80000,800000,60000,115725,90733,138111
80000,800000,80000,112497,112302,132251
80000,800000,100000,108370,142738,124002
80000,800000,120000,103327,168631,118361
80000,820000,60000,114357,89751,119850
80000,820000,80000,112322,111743,113577
80000,820000,100000,106449,140523,103327
80000,820000,120000,104255,163898,98394
80000,840000,60000,113180,90698,101918
80000,840000,80000,111357,112464,95134
80000,840000,100000,107898,137557,87288
80000,840000,120000,104301,161169,82143
100000,380000,80000,137469,253958,500261
100000,380000,100000,133999,276267,496457
100000,380000,120000,132105,297831,491740
100000,400000,60000,137632,226872,487196
100000,400000,80000,133468,249011,484444
100000,400000,100000,129946,273362,480138
100000,400000,120000,127849,293892,476311
100000,400000,140000,125801,313487,465591
100000,400000,160000,125703,330604,457817
100000,420000,40000,140919,197631,472333
100000,420000,60000,135732,220976,472531
100000,420000,80000,132097,241783,468406
100000,420000,100000,126784,265697,462543
100000,420000,120000,125511,286754,456981
100000,420000,140000,124122,308303,447866
100000,420000,160000,125487,326558,439278
100000,440000,40000,140376,192746,455800
100000,440000,60000,136081,213666,452956
100000,440000,80000,131730,233870,450030
100000,440000,100000,128182,257778,442689
100000,440000,120000,126038,279348,435765
100000,440000,140000,123864,299813,427618
100000,440000,160000,124716,318391,418652
100000,440000,180000,126262,336815,410312
100000,460000,40000,141421,186581,439089
100000,460000,60000,136814,206739,436686
100000,460000,80000,134201,230217,432061
100000,460000,100000,130648,250737,425247
100000,460000,120000,126574,274106,414572
100000,460000,140000,124858,293630,404057
100000,460000,160000,125506,314594,396782
100000,460000,180000,127380,333598,391365
100000,480000,40000,143085,181143,422542
100000,480000,60000,139217,204266,418730
100000,480000,80000,139116,228059,410771
100000,480000,100000,134474,247800,406102
100000,480000,120000,128731,271663,393517
100000,480000,140000,125612,290873,383138
100000,480000,160000,126701,312389,378352
100000,480000,180000,128646,328461,373553
100000,500000,20000,147226,151562,408905
100000,500000,40000,143455,176052,407497
100000,500000,60000,141247,200768,400848
100000,500000,80000,140819,222924,392969
100000,500000,100000,139332,249181,384234
100000,500000,120000,134711,272953,371747
100000,500000,140000,132584,289830,365227
100000,500000,160000,131552,309679,361019
100000,520000,20000,146971,146201,392909
100000,520000,40000,143393,171127,393918
100000,520000,60000,141051,196956,383294
100000,520000,80000,142298,219087,371485
100000,520000,100000,141460,249891,363976
100000,520000,120000,137647,270519,354565
100000,520000,140000,135778,291207,347749
100000,540000,20000,146442,141814,375950
100000,540000,40000,144548,166737,376890
100000,540000,60000,142562,192583,364117
100000,540000,80000,144034,216763,355286
100000,540000,100000,140864,245470,346592
100000,540000,120000,139338,266163,338047
100000,540000,140000,138187,287960,326939
100000,560000,20000,145488,137496,356882
100000,560000,40000,141149,158792,354766
100000,560000,60000,143573,185243,347030
100000,560000,80000,144411,211657,338919
100000,560000,100000,142351,236148,331531
100000,560000,120000,139967,258342,321771
100000,560000,140000,139112,280921,311157
100000,560000,160000,139573,296451,301945
100000,580000,20000,144278,133199,338588
100000,580000,40000,139185,154127,333378
100000,580000,60000,141946,180261,331638
100000,580000,80000,142994,206450,324762
100000,580000,100000,143572,231231,313238
100000,580000,120000,141228,252693,303874
100000,580000,140000,141973,273492,292214
100000,580000,160000,143108,291097,282212
100000,580000,180000,143884,308627,277421
100000,600000,20000,144743,129791,321368
100000,600000,40000,139546,150454,319135
100000,600000,60000,143306,178609,314406
100000,600000,80000,142392,202657,306556
100000,600000,100000,144391,224891,292883
100000,600000,120000,144764,246389,283068
100000,600000,140000,144980,266782,271364
100000,600000,160000,145256,288870,262992
100000,600000,180000,145696,307295,259062
100000,620000,20000,146203,121554,305121
100000,620000,40000,142586,145840,302873
100000,620000,60000,140765,167749,297271
100000,620000,80000,141067,194675,289235
100000,620000,100000,144786,217709,277329
100000,620000,120000,145418,237289,264459
100000,620000,140000,146647,256304,251231
100000,620000,160000,147299,283696,242400
100000,620000,180000,143864,303385,240492
100000,640000,20000,146875,111877,288872
100000,640000,40000,143546,137413,285836
100000,640000,60000,141157,161535,280821
100000,640000,80000,141255,187450,272111
100000,640000,100000,145285,210543,259953
100000,640000,120000,146495,229394,245219
100000,640000,140000,147125,247919,228690
100000,640000,160000,144768,275032,221266
100000,640000,180000,141109,300109,220816
100000,660000,40000,145414,127521,269724
100000,660000,60000,141546,152813,264245
100000,660000,80000,142066,178682,255927
100000,660000,100000,143411,199186,244070
100000,660000,120000,142274,220842,226287
100000,660000,140000,142642,244202,208380
100000,660000,160000,140993,271775,201872
100000,680000,40000,145768,118485,253942
100000,680000,60000,141205,143890,247598
100000,680000,80000,140477,166981,240987
100000,680000,100000,137789,187955,227381
100000,680000,120000,135055,212573,210075
100000,680000,140000,134616,237948,193733
100000,700000,40000,142788,108359,235767
100000,700000,60000,141510,134913,230775
100000,700000,80000,137182,156243,224712
100000,720000,40000,138357,98283,216110
100000,720000,60000,136382,120268,211688
100000,720000,80000,131797,150985,206966
100000,720000,100000,129226,170389,193340
100000,740000,40000,135507,88429,194850
100000,740000,60000,133443,107893,191567
100000,740000,80000,128919,128404,186965
100000,740000,100000,126191,152390,175632
100000,740000,120000,121631,184698,163821
100000,760000,40000,133254,79547,174930
100000,760000,60000,131025,96737,172237
100000,760000,80000,126255,117022,168838
100000,760000,100000,123840,148457,156401
100000,760000,120000,120033,180799,147593
100000,780000,40000,131260,74484,156770
100000,780000,60000,128751,90415,154415
100000,780000,80000,126979,112652,149612
100000,780000,100000,121563,153808,137903
100000,780000,120000,116935,174935,131670
100000,800000,40000,129897,72503,139832
100000,800000,60000,127985,89447,136441
100000,800000,80000,128005,109337,129338
100000,800000,100000,122203,145905,120297
100000,800000,120000,116897,170362,113528
100000,800000,140000,115345,195082,104927
100000,820000,40000,128977,72884,122367
100000,820000,60000,128530,91639,117181
100000,820000,80000,128487,110902,111110
100000,820000,100000,121673,143758,99895
100000,820000,120000,118256,168467,93288
100000,840000,60000,127685,93702,99026
100000,840000,80000,128045,118921,89035
100000,840000,100000,122562,141900,81426
100000,840000,120000,117353,166980,76651
100000,860000,60000,126450,96168,81660
100000,860000,80000,125273,118896,74119
100000,860000,100000,121574,141339,66133
120000,380000,60000,158175,233521,500234
120000,380000,80000,153372,257322,497665
120000,400000,60000,153381,229975,485163
120000,400000,80000,146584,254404,482143
120000,400000,100000,145233,279861,476499
120000,400000,120000,144900,296393,472836
120000,400000,140000,144665,315370,464849
120000,420000,40000,156826,201699,469888
120000,420000,60000,151274,225707,469634
120000,420000,80000,147547,248455,464606
120000,420000,100000,144108,271209,458782
120000,420000,120000,143365,290911,455219
120000,420000,140000,143081,310258,447083
120000,420000,160000,143760,328050,437537
120000,440000,40000,156079,197165,454580
120000,440000,60000,151110,217013,454236
120000,440000,80000,149517,240921,447112
120000,440000,100000,144400,263065,439989
120000,440000,120000,144123,283212,432566
120000,440000,140000,144045,304264,424887
120000,440000,160000,144601,325105,416886
120000,460000,40000,158004,191202,438916
120000,460000,60000,153633,212437,439304
120000,460000,80000,151557,235315,430720
120000,460000,100000,147285,255996,423323
120000,460000,120000,147023,280756,410100
120000,460000,140000,145140,298440,404456
120000,460000,160000,145436,318537,396975
120000,460000,180000,147295,332037,390382
120000,480000,20000,163046,160425,423588
120000,480000,40000,160480,187115,421504
120000,480000,60000,155210,208387,419688
120000,480000,80000,155744,231988,412343
120000,480000,100000,153163,252009,404146
120000,480000,120000,148233,276245,391713
120000,480000,140000,144723,293474,384687
120000,480000,160000,147811,315122,378023
120000,500000,20000,163141,154673,408131
120000,500000,40000,161278,179993,406706
120000,500000,60000,158795,203604,402095
120000,500000,80000,159313,227497,394422
120000,500000,100000,157352,246176,386550
120000,500000,120000,151520,273739,372250
120000,500000,140000,150689,293018,369668
120000,500000,160000,150927,310591,362108
120000,520000,20000,162872,148796,392252
120000,520000,40000,161321,170951,391476
120000,520000,60000,161096,196413,382318
120000,520000,80000,159187,219396,370896
120000,520000,100000,160826,247005,361909
120000,520000,120000,156327,267010,357294
120000,520000,140000,154821,291581,349536
120000,540000,20000,162777,142547,374849
120000,540000,40000,159332,165281,374660
120000,540000,60000,159288,188177,363359
120000,540000,80000,159660,213383,354347
120000,540000,100000,160162,239702,346653
120000,540000,120000,157554,264705,339170
120000,540000,140000,156134,289246,329498
120000,560000,20000,161814,137634,356301
120000,560000,40000,158255,160354,354699
120000,560000,60000,158864,184490,347772
120000,560000,80000,160502,210215,341198
120000,560000,100000,161423,234712,332420
120000,560000,120000,158250,256225,322987
120000,560000,140000,155657,279095,310143
120000,560000,160000,154718,297736,304078
120000,580000,20000,161079,131913,337906
120000,580000,40000,155947,157626,333720
120000,580000,60000,160973,181047,332405
120000,580000,80000,159632,204088,326841
120000,580000,100000,159678,228490,315552
120000,580000,120000,157633,251038,303801
120000,580000,140000,156861,273283,295370
120000,580000,160000,156998,293380,286705
120000,600000,20000,160662,129065,319899
120000,600000,40000,157151,149851,314023
120000,600000,60000,159935,175974,315903
120000,600000,80000,160265,199316,310736
120000,600000,100000,158936,221329,299183
120000,600000,120000,159490,243322,287777
120000,600000,140000,159567,266493,277505
120000,600000,160000,160033,288213,265443
120000,600000,180000,158217,307118,261364
120000,620000,20000,162844,122619,304142
120000,620000,40000,158337,140546,301784
120000,620000,60000,159712,165242,297603
120000,620000,80000,159120,192548,293583
120000,620000,100000,159252,215420,282392
120000,620000,120000,160716,237293,270428
120000,620000,140000,163001,256539,254609
120000,620000,160000,161084,280564,243936
120000,620000,180000,158756,302765,241408
120000,640000,20000,163306,112694,288302
120000,640000,40000,159833,134727,286103
120000,640000,60000,159280,159095,280703
120000,640000,80000,156208,183865,275411
120000,640000,100000,159076,210244,266721
120000,640000,120000,161202,229796,251953
120000,640000,140000,162964,249246,232208
120000,640000,160000,159825,274180,223283
120000,660000,20000,162626,104414,272237
120000,660000,40000,160703,127446,270451
120000,660000,60000,158764,151477,266238
120000,660000,80000,156766,175697,259311
120000,660000,100000,156967,200715,248739
120000,660000,120000,157166,221081,232186
120000,660000,140000,156750,244499,210641
120000,660000,160000,155126,271803,202675
120000,680000,20000,160943,96424,255389
120000,680000,40000,161211,118506,255258
120000,680000,60000,157513,144414,248881
120000,680000,80000,155312,167398,243114
120000,680000,100000,152563,190024,229166
120000,700000,20000,158609,89880,237652
120000,700000,40000,158329,109930,237117
120000,700000,60000,156371,134971,230760
120000,700000,80000,150326,155949,225971
120000,700000,100000,146009,181609,215495
120000,720000,20000,155849,82772,218644
120000,720000,40000,152939,100197,218410
120000,720000,60000,150455,123260,212167
120000,720000,80000,143259,154146,207458
120000,720000,100000,139775,177440,192859
120000,740000,20000,154394,74137,198118
120000,740000,40000,150881,91091,196410
120000,740000,60000,146754,110378,192323
120000,740000,80000,141791,135815,185795
120000,740000,100000,137665,157979,174830
120000,740000,120000,132728,190527,161721
120000,760000,20000,152266,66383,177499
120000,760000,40000,149767,81139,174377
120000,760000,60000,146878,99856,170964
120000,760000,80000,141296,122673,166862
120000,760000,100000,135824,154522,154821
120000,760000,120000,131028,184645,145937
120000,780000,40000,146637,76539,155239
120000,780000,60000,144483,92055,151858
120000,780000,80000,141781,117205,144675
120000,780000,100000,134730,151287,135851
120000,780000,120000,130149,178038,126946
120000,780000,140000,127493,204393,117710
120000,800000,40000,144333,76293,138135
120000,800000,60000,142603,91302,133287
120000,800000,80000,143531,112296,125868
120000,800000,100000,133971,149007,114581
120000,800000,120000,129961,176276,105760
120000,800000,140000,126157,200796,100066
120000,820000,40000,142250,77456,119927
120000,820000,60000,141278,92939,114300
120000,820000,80000,141622,114317,106297
120000,820000,100000,134841,148770,94382
120000,820000,120000,130353,176921,85390
120000,820000,140000,126984,197876,82017
120000,840000,40000,140266,79635,103294
120000,840000,60000,139802,97231,95957
120000,840000,80000,138847,122506,83520
120000,840000,100000,134505,152576,74294
120000,840000,120000,130699,173764,67840
120000,860000,60000,139351,102720,78473
120000,860000,80000,139059,125074,68386
120000,860000,100000,135624,148423,60263
120000,860000,120000,130413,169176,54867
140000,400000,60000,170182,235408,481467
140000,400000,80000,164496,260066,479393
140000,400000,100000,162525,281025,476179
140000,400000,120000,163809,300865,471728
140000,420000,40000,173465,207553,466438
140000,420000,60000,167406,234128,464716
140000,420000,80000,164121,255617,463789
140000,420000,100000,162705,276848,460074
140000,420000,120000,160478,296783,455742
140000,420000,140000,160738,314440,444494
140000,420000,160000,163922,331539,435130
140000,440000,40000,172523,205302,450911
140000,440000,60000,167023,225954,449050
140000,440000,80000,170141,249928,445236
140000,440000,100000,165082,269495,437318
140000,440000,120000,164158,289210,429686
140000,440000,140000,164197,308885,424370
140000,440000,160000,165391,328621,414614
140000,460000,40000,174526,199431,436966
140000,460000,60000,171751,219677,435061
140000,460000,80000,171674,243880,429238
140000,460000,100000,166824,263491,419846
140000,460000,120000,167204,283753,410055
140000,460000,140000,165763,302411,402985
140000,460000,160000,165507,322616,393555
140000,480000,20000,179002,163888,422134
140000,480000,40000,176489,192504,421125
140000,480000,60000,172945,213968,418631
140000,480000,80000,174439,235221,411192
140000,480000,100000,170820,257532,401348
140000,480000,120000,169923,280096,391823
140000,480000,140000,166969,298208,383903
140000,480000,160000,166461,316388,375459
140000,500000,20000,179218,157598,406671
140000,500000,40000,177435,182632,404737
140000,500000,60000,176155,206243,403292
140000,500000,80000,177763,228351,395803
140000,500000,100000,175592,250774,386015
140000,500000,120000,171515,275440,374587
140000,500000,140000,169704,295851,365994
140000,500000,160000,168162,312347,358370
140000,520000,20000,179133,150556,389791
140000,520000,40000,178350,175715,389955
140000,520000,60000,177862,200403,382266
140000,520000,80000,176566,221681,372555
140000,520000,100000,177307,243033,365317
140000,520000,120000,174707,268772,358261
140000,520000,140000,173344,291382,349430
140000,540000,20000,178836,142572,372044
140000,540000,40000,177256,163191,371221
140000,540000,60000,175612,191252,363037
140000,540000,80000,176869,215906,354145
140000,540000,100000,177921,237413,347892
140000,540000,120000,175521,259370,339667
140000,540000,140000,174074,284958,329504
140000,560000,20000,178235,137285,355219
140000,560000,40000,176056,159703,354106
140000,560000,60000,174092,184337,348305
140000,560000,80000,174863,212171,338639
140000,560000,100000,177851,237039,331319
140000,560000,120000,176198,254293,321856
140000,560000,140000,173265,277234,314630
140000,560000,160000,171037,298744,307480
140000,580000,20000,179436,133324,335748
140000,580000,40000,176643,158007,334081
140000,580000,60000,176271,181571,333107
140000,580000,80000,174847,205435,326443
140000,580000,100000,175988,228311,318178
140000,580000,120000,176592,249327,307968
140000,580000,140000,174172,273900,301244
140000,580000,160000,171791,296643,291088
140000,600000,20000,178744,129605,317295
140000,600000,40000,176282,148741,312198
140000,600000,60000,178770,176214,314301
140000,600000,80000,174946,197844,309892
140000,600000,100000,177063,221109,301917
140000,600000,120000,175615,242875,290260
140000,600000,140000,174101,267076,282253
140000,600000,160000,172823,289205,267978
140000,620000,20000,180903,123853,302302
140000,620000,40000,177811,142162,299501
140000,620000,60000,177411,168774,297779
140000,620000,80000,174163,189997,292399
140000,620000,100000,175016,213624,283524
140000,620000,120000,173376,238049,272680
140000,620000,140000,175528,256288,258759
140000,620000,160000,173207,280973,245071
140000,640000,20000,180395,115693,287334
140000,640000,40000,180939,138596,286045
140000,640000,60000,175882,164492,281814
140000,640000,80000,174705,183874,276639
140000,640000,100000,175074,211162,270222
140000,640000,120000,173436,233154,257318
140000,640000,140000,174871,250121,236607
140000,640000,160000,172869,272191,226659
140000,660000,20000,178666,108311,272344
140000,660000,40000,179298,131381,272518
140000,660000,60000,177239,156672,266826
140000,660000,80000,171648,177515,260971
140000,660000,100000,170164,205586,251905
140000,660000,120000,169962,225234,235898
140000,660000,140000,169656,245425,214690
140000,680000,20000,176509,101289,256613
140000,680000,40000,177073,127570,254080
140000,680000,60000,174767,150229,250967
140000,680000,80000,170177,174145,243101
140000,680000,100000,163626,195726,230335
140000,700000,20000,174444,95400,238867
140000,700000,40000,174079,119176,238522
140000,700000,60000,169181,141603,230832
140000,700000,80000,165717,166382,224659
140000,700000,100000,156749,186375,216193
140000,720000,0,173956,70962,217990
140000,720000,20000,171860,89238,219819
140000,720000,40000,168197,106840,219025
140000,720000,60000,163484,132937,212418
140000,720000,80000,157020,156156,204921
140000,720000,100000,150225,182502,193322
140000,740000,20000,170436,80511,199733
140000,740000,40000,164987,96165,200180
140000,740000,60000,159885,120229,192608
140000,740000,80000,153884,144468,184225
140000,740000,100000,148134,168138,174403
140000,740000,120000,144422,195004,160812
140000,760000,20000,169506,74328,178179
140000,760000,40000,165488,88178,176551
140000,760000,60000,159456,107759,170794
140000,760000,80000,154332,133159,164458
140000,760000,100000,148077,160966,153346
140000,760000,120000,142526,187942,143359
140000,760000,140000,140142,211975,130234
140000,780000,20000,164491,68622,157668
140000,780000,40000,161668,81248,154888
140000,780000,60000,160073,98199,149451
140000,780000,80000,155922,128065,141787
140000,780000,100000,148264,155658,131875
140000,780000,120000,141558,182299,122006
140000,780000,140000,138181,207754,113251
140000,800000,40000,157332,81315,135324
140000,800000,60000,156468,95374,130333
140000,800000,80000,155557,121463,121282
140000,800000,100000,146478,153972,108852
140000,800000,120000,141544,183002,98943
140000,800000,140000,138501,202278,96062
140000,820000,20000,156662,67988,121719
140000,820000,40000,154019,82024,117505
140000,820000,60000,152612,95209,112574
140000,820000,80000,153511,129600,96057
140000,820000,100000,145767,160427,85226
140000,820000,120000,142409,183569,77131
140000,820000,140000,139682,201308,78032
140000,840000,0,158226,51379,107830
140000,840000,20000,154058,68296,105905
140000,840000,40000,150561,84906,102127
140000,840000,60000,150210,101764,93094
140000,840000,80000,151328,132406,78374
140000,840000,100000,148104,163356,65096
140000,840000,120000,143560,181338,61879
140000,860000,0,156612,47290,91807
140000,860000,20000,151912,67727,90457
140000,860000,40000,149062,90558,85008
140000,860000,60000,150326,109905,74334
140000,860000,80000,150968,132937,64102
140000,860000,100000,149029,155382,54725
140000,860000,120000,143408,174949,49613
140000,880000,0,156558,42879,73685
140000,880000,20000,153310,67144,71744
140000,880000,40000,153012,92030,67310
140000,900000,0,156010,37304,55649
140000,900000,20000,154018,61525,53615
140000,900000,40000,153294,86409,51614
160000,400000,80000,186225,263263,477965
160000,400000,100000,185002,285112,475030
160000,400000,120000,184000,305180,469083
160000,420000,60000,187048,237723,463649
160000,420000,80000,186207,259461,462134
160000,420000,100000,183156,282606,457958
160000,420000,120000,181914,300144,448889
160000,420000,140000,183209,318151,442100
160000,420000,160000,184131,335098,432518
160000,440000,40000,190586,209487,448444
160000,440000,60000,187812,233636,448448
160000,440000,80000,186795,253808,446228
160000,440000,100000,184443,275793,435980
160000,440000,120000,182894,295093,426332
160000,440000,140000,183215,312788,421276
160000,440000,160000,182554,332035,410502
160000,460000,40000,191536,205203,433646
160000,460000,60000,189369,226013,432958
160000,460000,80000,189341,244539,427314
160000,460000,100000,187381,267580,417412
160000,460000,120000,184093,288508,409304
160000,460000,140000,185152,304614,404229
160000,460000,160000,180570,325128,390729
160000,460000,180000,180697,340887,384795
160000,480000,40000,193056,195466,419114
160000,480000,60000,189896,219941,416483
160000,480000,80000,190016,236489,410726
160000,480000,100000,188632,258671,399986
160000,480000,120000,186236,281488,391939
160000,480000,140000,184209,300723,381312
160000,480000,160000,182450,319012,371510
160000,500000,40000,193478,186496,404433
160000,500000,60000,191184,210233,400643
160000,500000,80000,190446,228567,393620
160000,500000,100000,189847,252371,383888
160000,500000,120000,188449,274805,375257
160000,500000,140000,185944,295476,363225
160000,500000,160000,184610,313965,355501
160000,520000,20000,195761,152654,388491
160000,520000,40000,194457,178241,391372
160000,520000,60000,191740,201986,381778
160000,520000,80000,190753,220156,370708
160000,520000,100000,191599,240094,364955
160000,520000,120000,190030,266392,358691
160000,520000,140000,188139,291198,348880
160000,520000,160000,188119,308366,341339
160000,540000,20000,195223,145036,369590
160000,540000,40000,194350,164980,369518
160000,540000,60000,192619,192008,365517
160000,540000,80000,191334,216607,354982
160000,540000,100000,192729,234777,351184
160000,540000,120000,190948,257589,339949
160000,540000,140000,189930,284587,329411
160000,540000,160000,188980,303191,323441
160000,560000,20000,196163,137906,352395
160000,560000,40000,194522,160224,351760
160000,560000,60000,193242,188978,348436
160000,560000,80000,194036,210376,342115
160000,560000,100000,192506,233060,335057
160000,560000,120000,190910,254994,323142
160000,560000,140000,188791,278434,315141
160000,560000,160000,188614,299219,309245
160000,580000,20000,196928,134111,333565
160000,580000,40000,195237,155528,332854
160000,580000,60000,193974,182950,330337
160000,580000,80000,191650,203427,326800
160000,580000,100000,192464,228197,317964
160000,580000,120000,191252,248695,309506
160000,580000,140000,188932,274875,300434
160000,580000,160000,188856,296737,292967
160000,580000,180000,186541,315845,284445
160000,600000,20000,196766,131323,316267
160000,600000,40000,195098,152575,314596
160000,600000,60000,194988,175311,312643
160000,600000,80000,194154,196200,307452
160000,600000,100000,191382,222429,302611
160000,600000,120000,191106,242201,292719
160000,600000,140000,189423,269053,282150
160000,600000,160000,185046,289007,268811
160000,600000,180000,186525,311447,264645
160000,620000,20000,197296,126844,299967
160000,620000,40000,196096,146760,296902
160000,620000,60000,193712,169179,296354
160000,620000,80000,194485,191397,293297
160000,620000,100000,192023,213227,279830
160000,620000,120000,189365,237965,272396
160000,620000,140000,185644,256680,260581
160000,620000,160000,184336,282075,245531
160000,640000,20000,196386,120846,284658
160000,640000,40000,195982,144308,281008
160000,640000,60000,193412,166510,278858
160000,640000,80000,190785,185023,275489
160000,640000,100000,192127,215521,261989
160000,640000,120000,186536,234068,259757
160000,640000,140000,184986,251288,240035
160000,640000,160000,183819,273518,227977
160000,660000,20000,194592,114535,271109
160000,660000,40000,193841,137433,267892
160000,660000,60000,190741,161265,265152
160000,660000,80000,186756,181403,261083
160000,660000,100000,185421,212701,252740
160000,660000,120000,183250,229797,239176
160000,680000,20000,192192,108538,256716
160000,680000,40000,191070,131778,253990
160000,680000,60000,188534,155244,249495
160000,680000,80000,183582,178758,240516
160000,680000,100000,176931,206257,230993
160000,680000,120000,175186,222273,213363
160000,700000,0,190406,82907,235251
160000,700000,20000,190670,103112,239195
160000,700000,40000,189173,124402,237086
160000,700000,60000,182749,147204,228911
160000,700000,80000,177071,173282,221123
160000,700000,100000,169734,197243,207735
160000,700000,120000,167399,214337,191410
160000,720000,0,188897,77451,217018
160000,720000,20000,187117,94100,219643
160000,720000,40000,183390,115912,219598
160000,720000,60000,176986,139511,210475
160000,720000,80000,171263,166463,203673
160000,720000,100000,164122,185545,190277
160000,720000,120000,160889,205964,174510
160000,740000,0,186994,71901,198780
160000,740000,20000,184114,86452,200943
160000,740000,40000,178221,105164,200672
160000,740000,60000,172438,130788,189585
160000,740000,80000,167310,156116,182384
160000,740000,100000,160111,176290,173488
160000,740000,120000,156917,196983,158781
160000,760000,0,185023,67497,179423
160000,760000,20000,181827,81329,179340
160000,760000,40000,176238,96830,176448
160000,760000,60000,170881,120601,169358
160000,760000,80000,166272,144842,161230
160000,760000,100000,159396,167260,151251
160000,760000,120000,153397,190408,137726
160000,760000,140000,150770,214423,125962
160000,780000,0,181265,63579,159361
160000,780000,20000,179534,76501,159036
160000,780000,40000,174288,88595,154535
160000,780000,60000,170552,117002,147974
160000,780000,80000,168652,135255,137708
160000,780000,100000,159615,162278,124843
160000,780000,120000,152101,186723,116072
160000,780000,140000,149092,208126,109090
160000,800000,0,176856,59700,140995
160000,800000,20000,171758,72840,138790
160000,800000,40000,167168,87328,133507
160000,800000,60000,166548,102808,128031
160000,800000,80000,167991,134503,111617
160000,800000,100000,157632,163559,97261
160000,800000,120000,152711,185976,92757
160000,800000,140000,150547,205089,91990
160000,820000,0,172610,59566,122446
160000,820000,20000,167456,74022,119892
160000,820000,40000,162839,87558,115775
160000,820000,60000,161934,105170,108270
160000,820000,80000,166510,141490,85522
160000,820000,100000,159125,166849,75838
160000,820000,120000,154112,187412,73163
160000,840000,0,170144,58470,105792
160000,840000,20000,164606,74642,103801
160000,840000,40000,159102,92211,100619
160000,840000,60000,163882,119946,83473
160000,840000,80000,164248,140128,72858
160000,840000,100000,161328,163783,60455
160000,840000,120000,155668,182902,58970
160000,860000,0,167906,51888,90491
160000,860000,20000,162438,74254,88142
160000,860000,40000,159815,101073,81295
160000,860000,60000,163355,120290,70426
160000,860000,80000,163607,139454,58814
160000,860000,100000,160757,159658,49506
160000,880000,0,168631,47073,71318
160000,880000,20000,164403,70610,69382
160000,880000,40000,163643,100862,64346
160000,880000,60000,163506,118503,54054
160000,900000,0,168816,42710,52605
160000,900000,20000,165804,64302,50490
160000,900000,40000,165613,92768,49746
160000,900000,60000,163205,112201,39818
160000,920000,20000,166668,59476,34207
160000,920000,40000,165385,84226,31755
180000,400000,80000,206102,265179,475547
180000,400000,100000,204481,287805,471339
180000,400000,120000,202354,308751,467009
180000,400000,140000,203323,328733,455724
180000,400000,160000,202886,344091,447986
180000,420000,60000,206885,239035,461579
180000,420000,80000,203432,260113,458541
180000,420000,100000,201757,282272,453039
180000,420000,120000,203260,305462,447354
180000,420000,140000,201739,322673,438155
180000,420000,160000,200901,339520,427919
180000,420000,180000,201525,355575,419699
180000,440000,40000,208797,211092,446732
180000,440000,60000,207619,232633,444190
180000,440000,80000,203944,251853,442340
180000,440000,100000,202870,276719,434273
180000,440000,120000,202335,295006,426259
180000,440000,140000,200361,316080,418113
180000,440000,160000,198656,335373,406961
180000,440000,180000,197876,351581,400744
180000,460000,40000,208837,205722,432670
180000,460000,60000,206454,226165,429936
180000,460000,80000,206019,244726,425595
180000,460000,100000,205561,267767,416420
180000,460000,120000,202834,287616,406532
180000,460000,140000,201571,308636,398885
180000,460000,160000,199948,327303,389098
180000,460000,180000,198429,342902,383284
180000,480000,40000,209453,195368,417689
180000,480000,60000,207218,218346,416866
180000,480000,80000,206920,233966,410668
180000,480000,100000,205171,256595,400251
180000,480000,120000,204248,280732,390357
180000,480000,140000,203549,300215,380464
180000,480000,160000,202991,318544,369307
180000,480000,180000,199890,337318,364585
180000,500000,40000,209523,188818,403095
180000,500000,60000,208001,209071,398750
180000,500000,80000,207767,227901,389574
180000,500000,100000,204454,251505,383684
180000,500000,120000,203965,275924,372619
180000,500000,140000,204784,295870,364117
180000,500000,160000,204073,313555,355896
180000,520000,20000,213174,152182,386566
180000,520000,40000,210154,178099,389201
180000,520000,60000,209591,198683,380268
180000,520000,80000,206810,223134,371512
180000,520000,100000,207157,241262,364962
180000,520000,120000,207115,267985,356084
180000,520000,140000,204838,290265,348492
180000,520000,160000,204678,311210,340678
180000,540000,20000,213956,143467,369094
180000,540000,40000,212871,167632,370090
180000,540000,60000,212540,191471,363932
180000,540000,80000,209862,217167,354076
180000,540000,100000,207659,239181,349993
180000,540000,120000,207635,261185,339464
180000,540000,140000,206998,284306,329457
180000,540000,160000,205535,307113,323877
180000,560000,20000,214222,136262,350767
180000,560000,40000,214157,157895,351974
180000,560000,60000,215239,188333,345869
180000,560000,80000,212605,212781,340222
180000,560000,100000,207876,234317,332277
180000,560000,120000,207645,255000,324526
180000,560000,140000,207668,279356,314490
180000,560000,160000,205871,302759,308401
180000,560000,180000,203415,320314,301274
180000,580000,20000,214002,132907,331865
180000,580000,40000,214244,152486,331569
180000,580000,60000,215301,184455,329715
180000,580000,80000,212256,206068,327204
180000,580000,100000,208094,229441,318044
180000,580000,120000,207067,249324,308393
180000,580000,140000,204861,275378,296623
180000,580000,160000,204682,297093,290911
180000,580000,180000,201375,318676,282410
180000,600000,20000,212823,131821,314081
180000,600000,40000,211138,152444,314543
180000,600000,60000,212382,178062,309735
180000,600000,80000,210666,199201,307735
180000,600000,100000,207570,220518,300306
180000,600000,120000,206153,241847,290687
180000,600000,140000,203614,269079,279933
180000,600000,160000,200551,292180,269835
180000,600000,180000,199446,315667,263978
180000,620000,20000,212280,128382,297164
180000,620000,40000,211776,148639,294361
180000,620000,60000,211663,174132,293219
180000,620000,80000,209553,192652,290207
180000,620000,100000,207821,212845,279915
180000,620000,120000,203371,240354,270243
180000,620000,140000,197307,259040,258988
180000,620000,160000,195657,285263,245915
180000,620000,180000,197251,311688,240104
180000,640000,20000,211660,124170,281739
180000,640000,40000,211574,147662,279096
180000,640000,60000,208912,168473,277476
180000,640000,80000,205912,188420,272851
180000,640000,100000,204326,211814,263740
180000,640000,120000,198742,233964,254689
180000,640000,140000,194978,251180,239975
180000,640000,160000,194705,279992,225705
180000,640000,180000,195505,303833,218815
180000,660000,20000,210422,120226,267951
180000,660000,40000,209519,143770,265925
180000,660000,60000,206382,163509,262371
180000,660000,80000,201515,184872,257238
180000,660000,100000,197451,212073,250040
180000,660000,120000,193855,229544,239056
180000,660000,140000,192807,248994,218005
180000,660000,160000,193707,274919,205161
180000,680000,20000,208075,117165,252528
180000,680000,40000,206344,136252,250654
180000,680000,60000,201502,155808,245361
180000,680000,80000,196102,182879,237856
180000,680000,100000,190608,211197,229437
180000,680000,120000,187979,226286,212648
180000,700000,0,205266,88753,232959
180000,700000,20000,204895,111405,234838
180000,700000,40000,201379,129588,233361
180000,700000,60000,196392,150590,227534
180000,700000,80000,190188,175924,218354
180000,700000,100000,184640,202289,206229
180000,720000,0,203261,84034,215465
180000,720000,20000,202312,102280,218399
180000,720000,40000,196011,122420,215780
180000,720000,60000,190781,144928,206021
180000,720000,80000,183435,169816,200086
180000,720000,100000,178423,191508,187456
180000,740000,0,201074,78570,197723
180000,740000,20000,199060,94664,199373
180000,740000,40000,191315,113713,197823
180000,740000,60000,185682,137444,184403
180000,740000,80000,180212,161890,178721
180000,740000,100000,172608,185635,171597
180000,740000,120000,168380,203593,155048
180000,760000,0,197745,73551,178599
180000,760000,20000,193754,88179,178990
180000,760000,40000,188999,103706,175110
180000,760000,60000,183606,131738,165144
180000,760000,80000,177665,151639,157781
180000,760000,100000,170369,174090,147563
180000,760000,120000,163586,196109,131084
180000,780000,0,194236,69300,158382
180000,780000,20000,189932,81268,157548
180000,780000,40000,185255,98448,153204
180000,780000,60000,181894,124523,144296
180000,780000,80000,179503,141927,130770
180000,780000,100000,169418,167820,114461
180000,780000,120000,162360,191854,108281
180000,780000,140000,160114,212606,104798
180000,800000,0,190452,64755,139085
180000,800000,20000,184818,79237,136445
180000,800000,40000,177059,98112,130352
180000,800000,60000,178361,118934,121818
180000,800000,80000,177325,143639,96148
180000,800000,100000,167611,170756,86722
180000,800000,120000,162363,189650,87693
180000,820000,0,187654,63547,120268
180000,820000,20000,179406,79889,117585
180000,820000,40000,172550,100602,111273
180000,820000,60000,177165,123391,93858
180000,820000,80000,176027,148169,77470
180000,820000,100000,169237,168855,72302
180000,820000,120000,163916,188402,71936
180000,840000,0,184457,63541,103356
180000,840000,20000,176221,81148,100927
180000,840000,40000,173794,109666,89643
180000,840000,60000,178076,126962,76282
180000,840000,80000,175826,148007,64961
180000,840000,100000,170992,167180,59348
180000,860000,0,181368,58278,86797
180000,860000,20000,175482,81089,84299
180000,860000,40000,176341,110969,72979
180000,860000,60000,177908,127233,61914
180000,880000,0,180681,49724,67611
180000,880000,20000,177556,75247,66007
180000,880000,40000,176225,107620,57134
180000,880000,60000,176270,123623,49653
180000,900000,0,181031,45961,48252
180000,900000,20000,178909,67749,47120
180000,900000,40000,175848,97098,40988
180000,900000,60000,175221,116518,35346
180000,920000,0,181893,40753,33877
180000,920000,20000,179618,63148,31097
180000,920000,40000,176744,89805,25698
200000,380000,120000,221497,311466,482701
200000,380000,140000,220784,332270,475780
200000,400000,60000,225704,241297,477450
200000,400000,80000,223396,265012,477002
200000,400000,100000,219580,289734,471209
200000,400000,120000,218288,310379,465107
200000,400000,140000,218941,330899,455772
200000,400000,160000,219818,345695,445479
200000,420000,40000,227622,212858,460998
200000,420000,60000,223509,239642,462282
200000,420000,80000,221956,259783,459466
200000,420000,100000,219767,281549,453125
200000,420000,120000,218299,305890,445978
200000,420000,140000,218856,325163,436578
200000,420000,160000,218395,342351,427086
200000,420000,180000,218930,358126,418741
200000,440000,40000,227052,207716,445316
200000,440000,60000,223679,231275,445534
200000,440000,80000,222443,247208,441773
200000,440000,100000,221579,272851,433749
200000,440000,120000,222470,297531,424807
200000,440000,140000,220534,317076,416725
200000,440000,160000,219681,336083,406586
200000,440000,180000,218282,354564,399910
200000,460000,40000,226491,200955,430910
200000,460000,60000,225016,221188,430587
200000,460000,80000,222180,243864,425507
200000,460000,100000,223204,264615,416621
200000,460000,120000,222491,288833,405510
200000,460000,140000,222885,310343,397897
200000,460000,160000,221915,327986,387861
200000,460000,180000,219779,348020,382058
200000,480000,40000,225808,193823,415600
200000,480000,60000,224255,214707,413313
200000,480000,80000,223000,233325,409229
200000,480000,100000,224988,257011,398903
200000,480000,120000,220265,281539,389207
200000,480000,140000,223881,300972,378281
200000,480000,160000,222298,320786,368792
200000,480000,180000,219361,337313,363996
200000,500000,40000,226435,186281,400919
200000,500000,60000,224771,209239,396325
200000,500000,80000,223736,230304,388613
200000,500000,100000,225168,249819,380343
200000,500000,120000,220316,275920,372672
200000,500000,140000,225334,296914,361092
200000,500000,160000,221831,315738,353828
200000,500000,180000,218955,333762,347596
200000,520000,20000,230460,149586,383882
200000,520000,40000,230303,177366,384493
200000,520000,60000,226973,204101,377930
200000,520000,80000,224524,221549,367877
200000,520000,100000,225349,246987,362564
200000,520000,120000,222673,270454,353616
200000,520000,140000,224154,292346,345720
200000,520000,160000,222417,312600,339274
200000,540000,20000,231074,141182,366783
200000,540000,40000,231373,166453,368114
200000,540000,60000,228948,194730,363224
200000,540000,80000,226780,215471,353227
200000,540000,100000,225539,242086,347005
200000,540000,120000,224780,265111,338641
200000,540000,140000,225085,287565,328948
200000,540000,160000,221882,310789,322835
200000,560000,20000,230732,136008,348669
200000,560000,40000,231352,157683,351247
200000,560000,60000,230259,189278,345822
200000,560000,80000,227441,212146,340812
200000,560000,100000,226057,236503,332826
200000,560000,120000,224234,258211,324662
200000,560000,140000,226326,281075,314139
200000,560000,160000,224556,308001,308601
200000,560000,180000,219551,323289,298907
200000,580000,20000,230011,132676,329705
200000,580000,40000,231094,151942,329039
200000,580000,60000,230244,184506,329537
200000,580000,80000,228571,209439,324676
200000,580000,100000,224714,231861,316235
200000,580000,120000,222992,252807,308132
200000,580000,140000,222354,277704,296371
200000,580000,160000,220504,300048,289647
200000,580000,180000,216504,321104,280908
200000,580000,200000,214400,337766,275682
200000,600000,20000,228733,131080,311495
200000,600000,40000,229830,151358,310418
200000,600000,60000,229050,179883,309973
200000,600000,80000,226892,199543,307147
200000,600000,100000,223951,223276,298249
200000,600000,120000,219766,244012,288117
200000,600000,140000,218108,271489,277409
200000,600000,160000,215476,296386,269413
200000,600000,180000,212307,319535,261677
200000,600000,200000,213146,336984,256966
200000,620000,20000,227657,128134,294503
200000,620000,40000,226915,148033,293531
200000,620000,60000,229661,172753,292628
200000,620000,80000,227446,192598,287145
200000,620000,100000,223045,215892,279514
200000,620000,120000,216896,239876,268481
200000,620000,140000,211742,263904,258287
200000,620000,160000,211097,288950,246775
200000,620000,180000,210437,315489,237423
200000,620000,200000,211733,334938,235793
200000,640000,20000,226830,124441,278580
200000,640000,40000,227083,144301,277866
200000,640000,60000,227599,169511,273960
200000,640000,80000,224258,190248,269159
200000,640000,100000,217458,210987,261527
200000,640000,120000,210586,231023,249206
200000,640000,140000,206975,252969,237534
200000,640000,160000,207776,280872,222605
200000,640000,180000,208617,303154,216228
200000,660000,20000,225247,121395,263763
200000,660000,40000,222988,145396,261325
200000,660000,60000,218947,165780,258211
200000,660000,80000,213792,185702,251270
200000,660000,100000,212121,209723,244341
200000,660000,120000,206080,228248,233488
200000,660000,140000,204740,250851,217831
200000,660000,160000,205452,276897,203552
200000,660000,180000,206610,299052,199062
200000,680000,0,222238,96799,245425
200000,680000,20000,222523,118468,247368
200000,680000,40000,216862,141784,244823
200000,680000,60000,213286,159825,240675
200000,680000,80000,209397,181592,233079
200000,680000,100000,206152,205304,226291
200000,680000,120000,200726,227382,212564
200000,700000,0,219562,92822,227732
200000,700000,20000,217731,113746,228438
200000,700000,40000,212867,135185,227659
200000,700000,60000,207819,155186,222649
200000,700000,80000,202557,176043,213675
200000,700000,100000,196758,202886,203100
200000,700000,120000,193745,220463,190423
200000,720000,0,216905,88110,210922
200000,720000,20000,214638,106855,211304
200000,720000,40000,207752,128745,209544
200000,720000,60000,202922,148528,198809
200000,720000,80000,197880,169761,193221
200000,720000,100000,191726,194770,185041
200000,720000,120000,187151,212205,172761
200000,740000,0,214153,84396,193604
200000,740000,20000,210681,101366,193466
200000,740000,40000,203577,120913,188242
200000,740000,60000,197891,142394,178103
200000,740000,80000,192359,162750,174061
200000,740000,100000,185533,189215,168473
200000,740000,120000,180998,208790,151050
200000,760000,0,210911,81680,174695
200000,760000,20000,206282,97124,174725
200000,760000,40000,200283,115971,165500
200000,760000,60000,192694,137922,157685
200000,760000,80000,188271,155563,153075
200000,760000,100000,181307,183225,141370
200000,760000,120000,173640,204207,124532
200000,780000,0,207546,77507,154555
200000,780000,20000,200424,90089,152681
200000,780000,40000,195693,110838,145590
200000,780000,60000,190960,130716,137326
200000,780000,80000,186486,146822,120519
200000,780000,100000,176459,175121,103747
200000,780000,120000,170484,198261,102459
200000,800000,0,206555,73247,135178
200000,800000,20000,199925,89390,131044
200000,800000,40000,191769,110848,126816
200000,800000,60000,189430,128166,112174
200000,800000,80000,181890,153457,85177
200000,800000,100000,174845,175353,80972
200000,800000,120000,170761,194394,83640
200000,820000,0,204085,71745,116901
200000,820000,20000,197840,89699,112145
200000,820000,40000,188780,113297,101046
200000,820000,60000,188507,136664,83058
200000,820000,80000,183871,154856,71192
200000,820000,100000,177538,173607,68172
200000,840000,0,200245,70540,100145
200000,840000,20000,193219,91267,94469
200000,840000,40000,190900,120871,80345
200000,840000,60000,189590,137258,69363
200000,860000,0,195961,62765,83654
200000,860000,20000,192133,90297,76365
200000,860000,40000,191143,119266,66307
200000,860000,60000,189631,135088,57663
200000,880000,0,194810,57299,64135
200000,880000,20000,193270,80379,62431
200000,880000,40000,187871,111382,53688
200000,880000,60000,188862,130220,45530
200000,900000,0,194467,50377,45532
200000,900000,20000,192397,74043,43976
200000,900000,40000,186564,103637,33029
200000,900000,60000,188666,122542,32039
200000,920000,0,195198,46940,32288
200000,920000,20000,192382,66918,27729
200000,920000,40000,190184,93969,22340
220000,380000,80000,242995,265752,491008
220000,380000,100000,238840,289927,489463
220000,380000,120000,236470,312977,483665
220000,380000,140000,237269,333572,474723
220000,400000,60000,242882,240202,476523
220000,400000,80000,238073,265069,478298
220000,400000,100000,233324,290642,473691
220000,400000,120000,232929,310916,466714
220000,400000,140000,234548,330995,456913
220000,400000,160000,237133,346854,447998
220000,400000,180000,237006,366145,439182
220000,420000,40000,245099,211161,459261
220000,420000,60000,241986,235161,461545
220000,420000,80000,236447,259046,460657
220000,420000,100000,236515,282306,455394
220000,420000,120000,235694,303373,447915
220000,420000,140000,236769,324165,437098
220000,420000,160000,237181,344513,428261
220000,420000,180000,239294,363967,420312
220000,440000,40000,244514,205418,442911
220000,440000,60000,240519,228200,442600
220000,440000,80000,238170,248555,442033
220000,440000,100000,238763,271481,434047
220000,440000,120000,239520,294006,426047
220000,440000,140000,239173,315678,415896
220000,440000,160000,239982,337430,407361
220000,440000,180000,241914,359661,399877
220000,460000,40000,243950,198758,427320
220000,460000,60000,241824,219549,428385
220000,460000,80000,240550,241524,423874
220000,460000,100000,240447,264375,414629
220000,460000,120000,241756,284576,406136
220000,460000,140000,240446,307328,396265
220000,460000,160000,241870,328088,388069
220000,460000,180000,240622,349423,381347
220000,460000,200000,236404,365241,377878
220000,480000,40000,243517,192741,412005
220000,480000,60000,241250,213797,410562
220000,480000,80000,240509,234672,406538
220000,480000,100000,241733,258088,398623
220000,480000,120000,241056,277192,390613
220000,480000,140000,242160,301075,375947
220000,480000,160000,241572,321068,368083
220000,480000,180000,238315,340309,362827
220000,500000,40000,244130,185301,396732
220000,500000,60000,241947,208769,393176
220000,500000,80000,241137,230641,388062
220000,500000,100000,243640,250309,379863
220000,500000,120000,241652,276589,369513
220000,500000,140000,243161,300179,357830
220000,500000,160000,239733,315695,352436
220000,500000,180000,236517,335150,347325
220000,520000,40000,246070,175589,380808
220000,520000,60000,240716,203034,379599
220000,520000,80000,242091,223989,371089
220000,520000,100000,245883,249618,363674
220000,520000,120000,241688,275984,352285
220000,520000,140000,241371,296377,343817
220000,520000,160000,238380,312825,337709
220000,540000,20000,246827,141975,363859
220000,540000,40000,245687,168443,364901
220000,540000,60000,244129,197925,363745
220000,540000,80000,241863,220419,353736
220000,540000,100000,245235,244809,346605
220000,540000,120000,242914,269574,338037
220000,540000,140000,243148,292652,329637
220000,540000,160000,240744,310463,322614
220000,560000,20000,246108,137497,346017
220000,560000,40000,246044,162578,348468
220000,560000,60000,246041,192079,344670
220000,560000,80000,242249,215109,338681
220000,560000,100000,242052,239040,329529
220000,560000,120000,240664,261583,322790
220000,560000,140000,242793,285266,313806
220000,560000,160000,243243,306223,306136
220000,560000,180000,236089,324747,298889
220000,580000,20000,245198,134546,327459
220000,580000,40000,244594,156919,327277
220000,580000,60000,244495,185482,325091
220000,580000,80000,241491,211022,323790
220000,580000,100000,240768,233385,312874
220000,580000,120000,237854,254722,305122
220000,580000,140000,239758,279988,297063
220000,580000,160000,237882,302810,289176
220000,580000,180000,232191,322207,279935
220000,600000,20000,244418,132199,309179
220000,600000,40000,245966,155747,307158
220000,600000,60000,245224,180774,308457
220000,600000,80000,242802,202318,305201
220000,600000,100000,240052,226181,296012
220000,600000,120000,235065,248008,284696
220000,600000,140000,233343,272644,277624
220000,600000,160000,230043,298357,268549
220000,600000,180000,228858,321635,261586
220000,600000,200000,228162,338705,256393
220000,620000,20000,243502,129342,291449
220000,620000,40000,244868,153748,289492
220000,620000,60000,248240,175754,290005
220000,620000,80000,244927,194327,281667
220000,620000,100000,238292,216352,278482
220000,620000,120000,230260,242058,267413
220000,620000,140000,227622,263431,257579
220000,620000,160000,225617,289488,247192
220000,620000,180000,226554,316683,237352
220000,620000,200000,226216,334901,235570
220000,640000,20000,241797,125882,274189
220000,640000,40000,243628,146767,271679
220000,640000,60000,243875,171632,267165
220000,640000,80000,240757,190659,264349
220000,640000,100000,231997,211551,259359
220000,640000,120000,224351,233640,248986
220000,640000,140000,220258,256209,235587
220000,640000,160000,220782,279836,220351
220000,640000,180000,224638,303972,213961
220000,640000,200000,224178,329258,215081
220000,660000,20000,238962,122408,257894
220000,660000,40000,237144,145563,255008
220000,660000,60000,236742,167914,251786
220000,660000,80000,230289,186573,247998
220000,660000,100000,224296,208572,241811
220000,660000,120000,219888,226907,231928
220000,660000,140000,217134,252886,215710
220000,660000,160000,217500,280730,199165
220000,660000,180000,219779,300656,197462
220000,680000,20000,234962,118975,240592
220000,680000,40000,232116,141641,237974
220000,680000,60000,227455,162266,234160
220000,680000,80000,222641,180608,228880
220000,680000,100000,218390,199528,221760
220000,680000,120000,214624,223466,214271
220000,700000,0,232577,95229,222095
220000,700000,20000,230972,114952,219816
220000,700000,40000,225755,135260,216894
220000,700000,60000,221224,157129,214924
220000,700000,80000,218550,175378,208036
220000,700000,100000,212126,197342,201625
220000,700000,120000,206966,220210,190444
220000,720000,0,228879,92629,204833
220000,720000,20000,227630,111306,199584
220000,720000,40000,221893,130538,196618
220000,720000,60000,216832,152499,193392
220000,720000,80000,212556,171873,184061
220000,720000,100000,205934,193883,181478
220000,720000,120000,200861,211344,172709
220000,740000,0,225409,89708,188344
220000,740000,20000,222199,106670,184861
220000,740000,40000,215115,125905,178181
220000,740000,60000,210343,146940,169506
220000,740000,80000,204572,164814,166523
220000,740000,100000,199736,188626,162752
220000,740000,120000,194999,210659,149302
220000,760000,0,222338,88333,169099
220000,760000,20000,217898,105559,165428
220000,760000,40000,211084,123636,155703
220000,760000,60000,203885,143238,147071
220000,760000,80000,197696,160697,144768
220000,760000,100000,192527,187830,133962
220000,760000,120000,185104,213701,119939
220000,780000,0,220151,84516,149297
220000,780000,20000,216106,100294,144235
220000,780000,40000,206854,121836,136738
220000,780000,60000,202604,138701,125814
220000,780000,80000,192007,152908,110543
220000,780000,100000,181430,182911,94880
220000,780000,120000,182250,212309,95330
220000,800000,0,220307,81055,131339
220000,800000,20000,215307,97224,126110
220000,800000,40000,205129,119148,115348
220000,800000,60000,197818,139608,97189
220000,800000,80000,187916,161052,77729
220000,800000,100000,182065,182485,76112
220000,800000,120000,184749,208928,76790
220000,820000,0,219450,78495,114049
220000,820000,20000,212711,95670,107721
220000,820000,40000,204300,125197,94209
220000,820000,60000,196925,142394,76471
220000,820000,80000,191996,160493,65193
220000,820000,100000,186998,181220,63012
220000,840000,0,216634,74971,97803
220000,840000,20000,209813,99074,89691
220000,840000,40000,203604,124810,77149
220000,840000,60000,199384,140610,66179
220000,860000,0,212001,69082,80889
220000,860000,20000,207472,94640,73902
220000,860000,40000,203143,119647,65353
220000,860000,60000,200648,137296,55940
220000,880000,0,210329,61521,61848
220000,880000,20000,206388,85909,59238
220000,880000,40000,202106,112416,50772
220000,880000,60000,201293,131632,43278
220000,900000,0,209955,55597,45310
220000,900000,20000,205896,78877,44051
220000,900000,40000,200279,105498,36197
220000,900000,60000,201220,124878,30137
220000,920000,0,209814,47234,31171
220000,920000,20000,205767,71218,28503
220000,920000,40000,203864,94691,23482
240000,380000,80000,259649,266107,489315
240000,380000,100000,255740,291252,488844
240000,380000,120000,254081,314359,484276
240000,380000,140000,253765,334962,473314
240000,380000,160000,253786,354113,464142
240000,400000,60000,259921,238725,474226
240000,400000,80000,255446,263773,474435
240000,400000,100000,252042,287455,474701
240000,400000,120000,248418,309139,470030
240000,400000,140000,252419,331607,455650
240000,400000,160000,253224,348099,443458
240000,400000,180000,253394,367569,437570
240000,420000,60000,258723,234545,457187
240000,420000,80000,255040,258145,458995
240000,420000,100000,253755,281310,455932
240000,420000,120000,252936,301199,447300
240000,420000,140000,255052,323416,433493
240000,420000,160000,254785,345050,426716
240000,420000,180000,257374,366544,419080
240000,440000,60000,258571,226749,439139
240000,440000,80000,257498,248845,438282
240000,440000,100000,257416,271354,433492
240000,440000,120000,257947,291845,425288
240000,440000,140000,258167,314105,414894
240000,440000,160000,257609,339276,405421
240000,440000,180000,259298,359290,400290
240000,460000,40000,261610,197665,423882
240000,460000,60000,259268,220824,422850
240000,460000,80000,259546,240987,418771
240000,460000,100000,258215,262733,414767
240000,460000,120000,259301,282638,405278
240000,460000,140000,259168,305740,395528
240000,460000,160000,260507,330812,385709
240000,460000,180000,261483,351559,380812
240000,480000,40000,261559,191663,408194
240000,480000,60000,261042,215966,405968
240000,480000,80000,261510,237427,402839
240000,480000,100000,260599,255814,394992
240000,480000,120000,260268,274367,388848
240000,480000,140000,259972,300709,373226
240000,480000,160000,261417,322057,365881
240000,480000,180000,257793,342486,361671
240000,500000,40000,261825,184932,393054
240000,500000,60000,261974,211377,391611
240000,500000,80000,262107,233551,385818
240000,500000,100000,263114,253091,375882
240000,500000,120000,260611,278231,366262
240000,500000,140000,258816,298696,358392
240000,500000,160000,257642,317322,351811
240000,500000,180000,253867,337390,345687
240000,520000,40000,261840,178537,378102
240000,520000,60000,261128,203904,379107
240000,520000,80000,260485,229977,372320
240000,520000,100000,261928,255692,362476
240000,520000,120000,259351,278517,352566
240000,520000,140000,257673,296691,344498
240000,540000,40000,260531,175024,362379
240000,540000,60000,259053,198155,364853
240000,540000,80000,257965,224607,357201
240000,540000,100000,260887,250289,347785
240000,540000,120000,259967,273400,337496
240000,540000,140000,258010,293924,330347
240000,560000,40000,259814,169409,343441
240000,560000,60000,262337,194687,342128
240000,560000,80000,258086,216763,338437
240000,560000,100000,258055,244303,330987
240000,560000,120000,258727,267070,323814
240000,560000,140000,259106,291678,313504
240000,560000,160000,257431,308307,305378
240000,580000,40000,259974,163617,324698
240000,580000,60000,262935,187468,323371
240000,580000,80000,258341,210555,323593
240000,580000,100000,255555,237806,311755
240000,580000,120000,254920,259882,303673
240000,580000,140000,256093,283948,292947
240000,580000,160000,255782,304590,287982
240000,580000,180000,247745,325097,280893
240000,600000,40000,260275,158593,305352
240000,600000,60000,261968,182009,305037
240000,600000,80000,256730,207413,303536
240000,600000,100000,254578,226457,294928
240000,600000,120000,250841,251474,284495
240000,600000,140000,249345,273749,276045
240000,600000,160000,246189,297962,268753
240000,600000,180000,243656,322477,262201
240000,600000,200000,243789,340825,256072
240000,620000,40000,259704,153618,286650
240000,620000,60000,262226,177039,285124
240000,620000,80000,258666,197546,280044
240000,620000,100000,252080,219006,275645
240000,620000,120000,243730,243724,265367
240000,620000,140000,241616,263447,256036
240000,620000,160000,241153,286115,247562
240000,620000,180000,240473,315588,239138
240000,620000,200000,240967,334436,236416
240000,640000,40000,256464,148947,267338
240000,640000,60000,257065,170509,263940
240000,640000,80000,254265,192378,262348
240000,640000,100000,249213,211909,258533
240000,640000,120000,238994,237383,249161
240000,640000,140000,235934,259940,235810
240000,640000,160000,235383,281504,222321
240000,640000,180000,238122,303852,217450
240000,640000,200000,238272,328674,215908
240000,660000,20000,252582,123052,252411
240000,660000,40000,251106,144560,249695
240000,660000,60000,251644,165995,247513
240000,660000,80000,245499,186737,244162
240000,660000,100000,237724,209665,239503
240000,660000,120000,232853,227520,230614
240000,660000,140000,229815,254674,213662
240000,660000,160000,230101,283992,198318
240000,660000,180000,233118,302174,198477
240000,680000,20000,248280,119833,234002
240000,680000,40000,246481,140147,232430
240000,680000,60000,241025,161618,226204
240000,680000,80000,236091,179632,221406
240000,680000,100000,231928,201281,219391
240000,680000,120000,227429,223016,212135
240000,680000,140000,225799,250430,195952
240000,680000,160000,225756,278081,184419
240000,700000,20000,244123,117500,212631
240000,700000,40000,241936,135757,208116
240000,700000,60000,235897,156825,206377
240000,700000,80000,233972,175168,201534
240000,700000,100000,228666,197630,196628
240000,700000,120000,221505,218193,189854
240000,720000,20000,237417,114742,191449
240000,720000,40000,234622,131702,188860
240000,720000,60000,229297,154294,186352
240000,720000,80000,224934,170802,179617
240000,720000,100000,221706,191641,173992
240000,720000,120000,215208,212291,167900
240000,740000,0,235671,95658,180814
240000,740000,20000,234332,111549,177000
240000,740000,40000,228219,128987,171687
240000,740000,60000,222067,149687,163862
240000,740000,80000,217825,167904,159459
240000,740000,100000,213834,191714,155330
240000,740000,120000,209526,214967,145956
240000,760000,0,233061,93746,162830
240000,760000,20000,230094,108586,157282
240000,760000,40000,220671,127215,147835
240000,760000,60000,215895,146891,139969
240000,760000,80000,208774,167270,135450
240000,760000,100000,205551,193145,127936
240000,760000,120000,199528,220641,117450
240000,780000,0,231553,91604,144759
240000,780000,20000,225418,107796,138334
240000,780000,40000,218864,123059,132920
240000,780000,60000,211839,145132,118731
240000,780000,80000,197761,165943,98060
240000,780000,100000,192190,194299,90832
240000,780000,120000,197828,217938,93625
240000,800000,0,231190,88717,127164
240000,800000,20000,224415,104741,119352
240000,800000,40000,218043,119645,108833
240000,800000,60000,208818,144415,92628
240000,800000,80000,197610,167203,72435
240000,800000,100000,192673,196764,70510
240000,800000,120000,201751,217816,74644
240000,820000,0,230588,84227,110650
240000,820000,20000,223145,102980,102641
240000,820000,40000,218105,122309,89558
240000,820000,60000,209237,142782,75232
240000,820000,80000,201860,165184,60901
240000,820000,100000,200360,191514,57954
240000,820000,120000,204846,210528,60681
240000,840000,0,230427,78557,96382
240000,840000,20000,224416,101918,87845
240000,840000,40000,218704,123552,73954
240000,840000,60000,212397,139705,64787
240000,840000,80000,207222,163114,52619
240000,840000,100000,206428,181540,47836
240000,860000,0,226910,71330,79879
240000,860000,20000,223863,98465,71922
240000,860000,40000,218479,119409,62085
240000,860000,60000,213909,136773,53813
240000,880000,0,223093,66703,60802
240000,880000,20000,221749,88238,56500
240000,880000,40000,215628,113773,48706
240000,880000,60000,214564,132510,41703
240000,900000,0,224584,54815,44755
240000,900000,20000,220085,77789,42776
240000,900000,40000,216049,104911,36497
240000,900000,60000,215220,125724,28822
240000,920000,20000,221297,70453,27079
260000,380000,100000,274112,290556,484941
260000,380000,120000,272230,313747,480313
260000,380000,140000,270971,335198,471096
260000,400000,80000,273719,262275,469645
260000,400000,100000,271846,285576,469865
260000,400000,120000,270732,309687,464995
260000,400000,140000,270662,329803,448867
260000,400000,160000,270640,349428,439177
260000,420000,60000,276878,232360,453323
260000,420000,80000,273893,256464,451545
260000,420000,100000,273078,278637,450082
260000,420000,120000,271661,301570,441697
260000,420000,140000,275506,325429,428013
260000,420000,160000,275402,347132,421450
260000,420000,180000,272396,365496,416931
260000,440000,60000,277460,226360,435319
260000,440000,80000,275724,248515,432774
260000,440000,100000,275901,269261,429364
260000,440000,120000,275556,292991,423384
260000,440000,140000,275522,318822,412323
260000,440000,160000,277319,341980,404875
260000,440000,180000,274542,360287,397477
260000,460000,60000,278293,220553,418333
260000,460000,80000,278511,242527,415428
260000,460000,100000,277214,263702,413909
260000,460000,120000,275691,283302,405231
260000,460000,140000,275717,309035,395669
260000,460000,160000,275658,331372,384927
260000,460000,180000,273638,352660,379177
260000,480000,60000,278661,215627,402376
260000,480000,80000,278230,238901,399205
260000,480000,100000,277244,258344,393968
260000,480000,120000,277425,276059,384721
260000,480000,140000,275735,302865,373670
260000,480000,160000,275550,324568,365352
260000,480000,180000,271489,344646,361561
260000,500000,80000,278485,235300,382953
260000,500000,100000,277589,256147,375776
260000,500000,120000,275345,277910,365814
260000,500000,140000,274314,299674,357954
260000,520000,40000,278102,179192,374021
260000,520000,60000,277116,205888,373166
260000,520000,80000,276850,232405,368560
260000,520000,100000,275602,257172,359608
260000,520000,120000,273869,277828,351037
260000,540000,40000,277681,173937,357551
260000,540000,60000,276354,200298,358280
260000,540000,80000,274372,227632,354385
260000,540000,100000,274769,254344,345010
260000,540000,120000,274668,274981,336585
260000,560000,40000,277069,168251,339448
260000,560000,60000,275969,196233,340491
260000,560000,80000,273298,221893,337619
260000,560000,100000,272463,248940,330152
260000,560000,120000,273577,269954,322025
260000,560000,140000,272966,292214,311592
260000,560000,160000,269872,310177,304053
260000,580000,40000,276199,162962,321012
260000,580000,60000,276608,189452,320943
260000,580000,80000,273690,216072,318921
260000,580000,100000,269581,242728,312672
260000,580000,120000,270132,264376,303697
260000,580000,140000,269764,287015,290942
260000,580000,160000,267747,304826,285436
260000,580000,180000,262773,327327,280306
260000,600000,40000,275330,158239,302345
260000,600000,60000,275766,183772,301724
260000,600000,80000,273599,207977,299262
260000,600000,100000,269001,228938,291586
260000,600000,120000,264712,253507,284323
260000,600000,140000,262684,273514,273940
260000,600000,160000,261119,299894,267173
260000,600000,180000,258992,323235,261351
260000,620000,60000,274054,177314,281004
260000,620000,80000,270715,200495,277636
260000,620000,100000,265692,220027,271303
260000,620000,120000,258659,243207,262537
260000,620000,140000,255734,263372,253927
260000,620000,160000,254474,289226,246531
260000,620000,180000,255115,318443,240736
260000,640000,80000,266336,193398,258161
260000,640000,100000,260753,214565,254954
260000,640000,120000,254634,237820,246376
260000,640000,140000,251462,261500,235091
260000,640000,160000,249559,282047,223798
260000,640000,180000,250176,308195,221415
260000,660000,60000,262398,167383,240930
260000,660000,100000,253034,210288,235752
260000,660000,120000,247077,232617,229130
260000,660000,140000,244359,256742,213308
260000,660000,160000,244828,283996,200753
260000,660000,180000,246895,305168,201208
260000,680000,40000,258805,142345,225237
260000,680000,60000,254040,162352,219662
260000,680000,80000,250853,181383,216591
260000,680000,100000,245802,204265,215285
260000,680000,120000,241271,226413,209293
260000,680000,140000,239284,252665,194868
260000,680000,160000,239941,279657,185586
260000,700000,20000,256187,119518,208189
260000,700000,40000,253240,138875,203600
260000,700000,60000,250575,157904,201755
260000,700000,80000,246302,176628,197188
260000,700000,100000,242114,198557,193116
260000,720000,20000,250228,116962,188710
260000,720000,40000,248525,134288,185802
260000,720000,60000,244763,154847,182586
260000,720000,80000,240380,174792,176338
260000,720000,100000,235646,193324,169514
260000,740000,20000,245882,113879,171887
260000,740000,40000,242614,131359,166919
260000,740000,60000,236902,152966,160270
260000,740000,80000,231481,172322,154350
260000,740000,100000,228959,196190,151245
260000,740000,120000,225262,219102,143076
260000,760000,0,245453,96546,157912
260000,760000,20000,242574,111194,153446
260000,760000,40000,235790,129518,146791
260000,760000,60000,228460,150568,135313
260000,760000,80000,223843,171795,130522
260000,760000,100000,221252,196754,125413
260000,760000,120000,219748,218716,118281
260000,780000,20000,238360,112054,135488
260000,780000,40000,231492,126182,127136
260000,780000,60000,225851,147383,114939
260000,780000,80000,213662,172581,100962
260000,780000,100000,213076,195105,96773
260000,780000,120000,214289,217006,95446
260000,800000,20000,235317,108905,115861
260000,800000,40000,230061,123533,107051
260000,800000,60000,223960,144390,92470
260000,800000,80000,213183,172959,75307
260000,800000,100000,213569,199331,72456
260000,800000,120000,217341,215811,76291
260000,820000,0,241066,88751,107849
260000,820000,20000,235360,105397,100257
260000,820000,40000,231142,120908,89486
260000,820000,60000,224663,141883,74514
260000,820000,80000,218035,170150,61480
260000,820000,100000,218696,194602,59170
260000,820000,120000,219817,211506,61371
260000,840000,0,240899,81855,93795
260000,840000,20000,235677,102969,86016
260000,840000,40000,232375,122450,72702
260000,840000,60000,228085,141871,62137
260000,840000,80000,222817,165894,51410
260000,840000,100000,221699,187542,47530
260000,860000,0,239452,73642,78014
260000,860000,20000,236869,99999,71346
260000,860000,40000,232848,120014,61142
260000,880000,0,238957,63768,60693
260000,880000,20000,236001,90083,55893
260000,880000,40000,232024,113878,49415
260000,900000,0,239232,53805,44276
260000,900000,20000,235310,79513,41551
260000,900000,40000,231601,104120,35866
280000,400000,80000,292183,260642,466016
280000,400000,100000,289625,285340,463168
280000,400000,120000,288240,310274,456537
280000,400000,140000,287533,330196,446054
280000,400000,160000,287608,351231,438782
280000,420000,80000,292436,254841,447574
280000,420000,100000,290841,277838,443076
280000,420000,120000,287810,303650,436904
280000,420000,140000,290324,325463,427486
280000,420000,160000,290290,347453,420941
280000,440000,80000,292888,249604,429011
280000,440000,100000,291916,271120,425439
280000,440000,120000,291403,293491,420103
280000,440000,140000,291578,319269,411865
280000,440000,160000,290241,341579,403183
280000,440000,180000,288499,362804,395699
280000,460000,80000,294848,243018,411382
280000,460000,100000,294148,263254,408589
280000,460000,120000,292521,286442,402648
280000,460000,140000,290768,312406,393449
280000,460000,160000,289693,333812,384160
280000,480000,80000,294816,238767,394816
280000,480000,100000,293099,260339,390638
280000,480000,120000,291142,281877,381748
280000,480000,140000,289450,305229,373829
280000,480000,160000,288429,327177,365957
280000,500000,120000,290560,279244,364781
280000,560000,80000,288767,224058,333412
280000,560000,100000,287488,249425,326944
280000,560000,120000,287611,270475,320098
280000,580000,80000,287745,217318,314350
280000,580000,100000,285470,242578,311039
280000,580000,120000,284102,265365,303868
280000,580000,140000,282302,287790,292196
280000,580000,160000,279921,307302,284916
280000,600000,80000,286884,208704,293773
280000,600000,100000,283253,228885,288729
280000,600000,120000,278781,253507,282128
280000,600000,140000,276666,277372,273876
280000,600000,160000,275293,301469,267022
280000,620000,80000,283797,201376,274072
280000,620000,100000,279043,221907,268432
280000,620000,120000,274464,243868,260439
280000,620000,140000,271355,264140,252311
280000,620000,160000,267556,292872,246207
280000,620000,180000,269284,318606,241372
280000,640000,100000,272994,218113,250628
280000,640000,120000,270129,237786,243675
280000,640000,140000,265771,260891,233818
280000,640000,160000,262760,284718,225546
280000,640000,180000,264232,311160,223030
280000,660000,100000,266816,212194,231547
280000,660000,120000,261826,235661,226741
280000,660000,140000,259043,259029,213169
280000,660000,160000,258941,283319,206636
280000,700000,40000,265940,141293,201106
280000,700000,60000,263207,159838,197929
280000,700000,80000,259438,179843,194189
280000,700000,100000,254506,202214,189917
280000,720000,20000,263158,119759,185761
280000,720000,40000,261191,138191,182220
280000,720000,60000,259757,156224,180008
280000,720000,80000,253572,178563,172555
280000,720000,100000,247768,197260,166858
280000,740000,20000,258593,117538,167536
280000,740000,40000,256061,134834,163572
280000,740000,60000,253673,153743,158992
280000,740000,80000,247585,178289,150774
280000,740000,100000,244715,201115,147071
280000,740000,120000,241268,222003,140840
280000,760000,20000,254857,115026,149967
280000,760000,40000,252904,131335,145030
280000,760000,60000,245459,151515,135468
280000,760000,80000,241026,177457,127982
280000,760000,100000,238986,201050,123298
280000,760000,120000,235901,218933,117840
280000,780000,20000,251218,114645,133010
280000,780000,40000,248257,130141,124932
280000,780000,60000,240598,150195,113889
280000,780000,80000,232884,175459,105117
280000,780000,100000,231295,198719,99840
280000,780000,120000,234281,218017,98100
280000,800000,20000,248931,111867,114954
280000,800000,40000,245385,126019,105065
280000,800000,60000,239811,146199,94243
280000,800000,80000,230918,174384,81669
280000,800000,100000,230967,196259,78028
280000,800000,120000,234401,215517,78228
280000,820000,20000,248277,107348,98779
280000,820000,40000,243837,125816,86934
280000,820000,60000,239167,143206,75002
280000,820000,80000,233793,170480,65677
280000,820000,100000,233447,193069,62273
280000,840000,40000,243912,124507,71801
280000,840000,60000,240809,141951,61778
280000,840000,80000,237320,166385,53125
280000,840000,100000,236386,188542,48654
280000,860000,20000,248886,98480,69332
300000,420000,100000,307795,277904,439387
300000,420000,120000,304870,301840,433406
300000,420000,140000,305700,325679,426154
300000,440000,100000,309331,271269,420880
300000,440000,120000,308149,295094,415594
300000,440000,140000,306248,319930,408146
300000,460000,100000,309912,265668,403124
300000,460000,120000,307986,289282,397840
300000,460000,140000,306132,313599,389919
300000,580000,100000,299589,240134,305164
300000,580000,120000,297381,263150,299916
300000,600000,100000,296797,230975,285037
300000,600000,120000,292818,253960,279525
300000,600000,140000,290721,278934,272665
300000,620000,100000,292898,224136,265716
300000,620000,120000,288844,246193,259540
300000,620000,140000,286003,269587,252968
300000,620000,160000,284167,295521,247058
300000,640000,120000,283627,240497,240975
300000,640000,140000,280563,264033,233784
300000,640000,160000,278553,288898,227765
300000,660000,140000,275052,260923,215578
300000,700000,60000,276743,163114,194954
300000,720000,40000,275701,140388,179992
300000,720000,60000,272828,158270,176199
300000,720000,80000,267681,179938,170892
300000,720000,100000,263796,203381,166178
300000,740000,20000,273505,119106,165734
300000,740000,40000,273038,136457,162708
300000,740000,60000,271498,153779,158631
300000,740000,80000,262178,182598,148130
300000,740000,100000,260457,204357,145000
300000,760000,20000,269867,117174,148387
300000,760000,40000,269977,132219,144852
300000,760000,60000,262707,153068,136661
300000,760000,80000,257610,182059,124082
300000,760000,100000,254780,202444,122078
300000,760000,120000,252866,223433,118242
300000,780000,20000,266337,115379,131232
300000,780000,40000,264234,130938,124932
300000,780000,60000,256657,153135,114204
300000,780000,80000,251399,177986,106381
300000,780000,100000,251139,200251,101772
300000,780000,120000,250609,220608,98279
300000,800000,20000,263390,113039,113682
300000,800000,40000,259055,129845,105955
300000,800000,60000,254235,149200,95861
300000,800000,80000,248626,174921,86574
300000,800000,100000,248403,196479,81556
300000,820000,40000,256055,129778,87447
300000,820000,60000,253051,146170,78913
300000,820000,80000,249169,171114,71465
300000,820000,100000,249689,192202,65831
300000,840000,40000,255365,125674,72434
300000,840000,60000,252753,143643,64048
300000,840000,80000,250932,166692,56639
320000,740000,40000,286653,138427,160268
320000,740000,60000,283882,157050,155953
320000,740000,80000,277725,182804,148552
320000,760000,40000,282312,135450,142669
320000,760000,60000,278354,156257,137662
320000,760000,80000,271860,183698,127149
320000,760000,100000,269986,203148,122404
320000,780000,40000,276612,133492,123988
320000,780000,60000,267523,156205,113937
320000,780000,80000,267048,177725,106724
320000,780000,100000,266110,199488,103082
320000,800000,40000,272783,131825,105483
320000,800000,60000,267543,151333,96598
320000,800000,80000,263919,175218,89602
320000,800000,100000,265549,197550,84216
320000,820000,60000,266561,149159,80840
320000,820000,80000,264655,171439,73636
340000,780000,60000,286367,156460,116596
340000,780000,80000,283220,178503,109896
